gene_orig_idx,gene_new_idx,out_degree,in_degree,total_degree,is_circuit
0,0,0,0,0,False
1,1,0,2,2,True
2,2,0,0,0,False
3,3,0,2,2,True
4,4,0,0,0,False
6,5,0,0,0,False
7,6,0,0,0,False
8,7,0,0,0,False
13,8,0,0,0,False
14,9,0,5,5,True
15,10,0,0,0,False
16,11,0,2,2,True
17,12,0,1,1,True
20,13,0,0,0,False
21,14,1,0,1,True
22,15,0,0,0,False
23,16,0,0,0,False
24,17,0,0,0,False
25,18,0,0,0,False
27,19,0,0,0,False
28,20,0,0,0,False
29,21,0,0,0,False
30,22,0,5,5,True
31,23,0,1,1,True
32,24,0,0,0,False
33,25,0,1,1,True
34,26,0,0,0,False
35,27,0,3,3,True
36,28,0,0,0,False
37,29,0,0,0,False
38,30,0,0,0,False
39,31,0,2,2,True
40,32,0,0,0,False
41,33,0,0,0,False
42,34,0,0,0,False
43,35,0,0,0,False
45,36,0,2,2,True
46,37,5,0,5,True
47,38,0,0,0,False
48,39,0,0,0,False
49,40,0,2,2,True
50,41,0,0,0,False
51,42,0,0,0,False
52,43,0,0,0,False
53,44,0,0,0,False
54,45,0,0,0,False
55,46,0,0,0,False
56,47,0,0,0,False
57,48,0,0,0,False
58,49,0,1,1,True
60,50,0,0,0,False
61,51,0,3,3,True
62,52,0,0,0,False
63,53,0,0,0,False
64,54,0,0,0,False
65,55,0,0,0,False
66,56,0,0,0,False
68,57,0,0,0,False
69,58,5,1,6,True
70,59,0,1,1,True
71,60,0,2,2,True
73,61,0,2,2,True
74,62,0,0,0,False
77,63,0,0,0,False
78,64,0,0,0,False
79,65,0,0,0,False
80,66,0,0,0,False
81,67,0,0,0,False
82,68,0,0,0,False
83,69,0,0,0,False
84,70,1,3,4,True
85,71,0,0,0,False
86,72,0,0,0,False
87,73,0,1,1,True
88,74,1,0,1,True
89,75,0,0,0,False
90,76,0,0,0,False
92,77,0,0,0,False
93,78,0,0,0,False
94,79,0,0,0,False
95,80,0,0,0,False
96,81,0,0,0,False
97,82,0,0,0,False
98,83,1,0,1,True
99,84,0,1,1,True
101,85,0,0,0,False
102,86,0,0,0,False
103,87,7,0,7,True
104,88,28,4,32,True
105,89,0,0,0,False
106,90,0,0,0,False
107,91,0,0,0,False
108,92,0,0,0,False
109,93,0,0,0,False
111,94,0,0,0,False
112,95,0,0,0,False
113,96,0,0,0,False
114,97,1,0,1,True
115,98,0,0,0,False
116,99,0,0,0,False
117,100,0,0,0,False
120,101,0,0,0,False
122,102,0,0,0,False
123,103,0,0,0,False
124,104,0,0,0,False
125,105,0,13,13,True
126,106,0,2,2,True
127,107,0,0,0,False
128,108,0,0,0,False
130,109,0,0,0,False
131,110,0,0,0,False
132,111,0,0,0,False
133,112,0,0,0,False
134,113,0,0,0,False
135,114,0,0,0,False
136,115,0,0,0,False
138,116,0,0,0,False
140,117,0,0,0,False
141,118,0,0,0,False
142,119,0,0,0,False
143,120,0,0,0,False
144,121,0,0,0,False
145,122,0,0,0,False
146,123,0,3,3,True
148,124,0,0,0,False
149,125,0,0,0,False
150,126,0,2,2,True
152,127,2,3,5,True
154,128,0,0,0,False
155,129,0,0,0,False
156,130,0,0,0,False
157,131,0,0,0,False
159,132,0,0,0,False
160,133,0,1,1,True
161,134,0,0,0,False
163,135,0,1,1,True
165,136,0,0,0,False
166,137,0,0,0,False
167,138,0,2,2,True
168,139,0,0,0,False
171,140,0,0,0,False
172,141,0,0,0,False
173,142,0,0,0,False
174,143,0,1,1,True
175,144,0,0,0,False
177,145,0,0,0,False
178,146,0,0,0,False
181,147,0,0,0,False
182,148,0,0,0,False
183,149,0,0,0,False
184,150,0,0,0,False
185,151,0,7,7,True
186,152,0,0,0,False
187,153,0,0,0,False
190,154,0,2,2,True
191,155,0,1,1,True
193,156,0,0,0,False
194,157,0,2,2,True
195,158,0,0,0,False
197,159,22,5,27,True
198,160,0,0,0,False
199,161,0,0,0,False
200,162,5,2,7,True
201,163,0,0,0,False
202,164,0,0,0,False
203,165,0,1,1,True
204,166,0,0,0,False
205,167,0,0,0,False
206,168,0,0,0,False
208,169,0,0,0,False
209,170,0,0,0,False
210,171,0,0,0,False
212,172,0,1,1,True
213,173,0,0,0,False
214,174,0,0,0,False
215,175,0,1,1,True
216,176,0,0,0,False
217,177,0,0,0,False
219,178,0,0,0,False
220,179,0,0,0,False
221,180,0,6,6,True
222,181,0,0,0,False
224,182,0,0,0,False
226,183,0,0,0,False
227,184,0,1,1,True
228,185,0,0,0,False
229,186,0,0,0,False
230,187,0,0,0,False
231,188,0,0,0,False
232,189,0,0,0,False
233,190,0,0,0,False
234,191,0,0,0,False
236,192,0,0,0,False
238,193,10,2,12,True
239,194,0,0,0,False
240,195,0,12,12,True
241,196,1,0,1,True
244,197,0,0,0,False
245,198,0,0,0,False
247,199,0,0,0,False
248,200,0,0,0,False
249,201,0,1,1,True
250,202,0,1,1,True
251,203,0,0,0,False
252,204,0,0,0,False
253,205,0,0,0,False
254,206,0,0,0,False
256,207,0,0,0,False
257,208,0,0,0,False
258,209,0,0,0,False
259,210,0,0,0,False
260,211,0,0,0,False
261,212,0,0,0,False
262,213,24,3,27,True
263,214,0,3,3,True
264,215,0,6,6,True
265,216,0,0,0,False
266,217,0,0,0,False
267,218,0,0,0,False
268,219,0,3,3,True
269,220,0,0,0,False
270,221,0,0,0,False
271,222,0,2,2,True
272,223,0,0,0,False
276,224,0,0,0,False
277,225,0,0,0,False
278,226,0,0,0,False
280,227,0,0,0,False
281,228,0,0,0,False
283,229,0,0,0,False
284,230,0,0,0,False
285,231,0,0,0,False
286,232,0,0,0,False
288,233,0,1,1,True
289,234,0,0,0,False
291,235,0,1,1,True
292,236,2,0,2,True
293,237,0,0,0,False
294,238,0,0,0,False
295,239,0,0,0,False
296,240,0,0,0,False
297,241,0,1,1,True
298,242,0,0,0,False
299,243,0,0,0,False
300,244,0,0,0,False
301,245,0,1,1,True
302,246,0,0,0,False
305,247,2,1,3,True
306,248,0,1,1,True
307,249,0,3,3,True
308,250,0,0,0,False
310,251,0,1,1,True
311,252,0,0,0,False
312,253,0,0,0,False
313,254,1,1,2,True
314,255,0,0,0,False
315,256,0,0,0,False
316,257,0,0,0,False
317,258,0,2,2,True
318,259,0,3,3,True
320,260,0,1,1,True
321,261,0,3,3,True
322,262,0,0,0,False
323,263,0,0,0,False
325,264,0,2,2,True
327,265,0,0,0,False
328,266,0,0,0,False
329,267,0,1,1,True
332,268,0,0,0,False
333,269,0,0,0,False
334,270,0,0,0,False
337,271,0,1,1,True
338,272,0,2,2,True
340,273,0,1,1,True
341,274,0,0,0,False
342,275,0,0,0,False
343,276,0,1,1,True
345,277,0,0,0,False
346,278,0,0,0,False
348,279,0,0,0,False
349,280,0,0,0,False
351,281,0,5,5,True
352,282,0,0,0,False
356,283,0,0,0,False
357,284,0,0,0,False
358,285,0,0,0,False
359,286,0,0,0,False
360,287,0,0,0,False
363,288,101,11,112,True
364,289,0,0,0,False
365,290,0,0,0,False
366,291,0,0,0,False
367,292,0,0,0,False
368,293,0,0,0,False
369,294,0,10,10,True
372,295,0,1,1,True
374,296,5,0,5,True
375,297,0,0,0,False
376,298,0,0,0,False
377,299,0,0,0,False
378,300,0,0,0,False
379,301,0,0,0,False
380,302,0,0,0,False
381,303,0,1,1,True
383,304,0,1,1,True
386,305,1,0,1,True
387,306,2,0,2,True
388,307,0,3,3,True
389,308,0,0,0,False
390,309,0,0,0,False
392,310,0,0,0,False
394,311,0,0,0,False
395,312,0,1,1,True
396,313,0,0,0,False
399,314,0,7,7,True
400,315,0,0,0,False
402,316,0,0,0,False
403,317,0,0,0,False
404,318,0,0,0,False
405,319,0,0,0,False
406,320,0,0,0,False
407,321,0,0,0,False
408,322,0,0,0,False
409,323,0,0,0,False
410,324,0,0,0,False
413,325,0,0,0,False
414,326,0,0,0,False
415,327,0,3,3,True
416,328,2,0,2,True
417,329,0,0,0,False
418,330,0,0,0,False
419,331,0,0,0,False
420,332,0,0,0,False
421,333,0,0,0,False
422,334,0,0,0,False
424,335,0,0,0,False
426,336,0,0,0,False
427,337,0,0,0,False
428,338,0,0,0,False
429,339,0,0,0,False
430,340,0,0,0,False
433,341,0,0,0,False
434,342,0,0,0,False
435,343,0,0,0,False
436,344,0,0,0,False
437,345,0,0,0,False
438,346,0,0,0,False
439,347,0,0,0,False
440,348,0,0,0,False
441,349,0,0,0,False
442,350,0,0,0,False
443,351,0,0,0,False
444,352,6,4,10,True
446,353,0,0,0,False
447,354,0,0,0,False
448,355,0,0,0,False
450,356,0,0,0,False
452,357,0,0,0,False
453,358,0,0,0,False
454,359,0,3,3,True
456,360,0,0,0,False
457,361,0,0,0,False
458,362,0,3,3,True
459,363,0,0,0,False
460,364,0,0,0,False
461,365,0,1,1,True
462,366,0,0,0,False
463,367,0,0,0,False
464,368,0,2,2,True
465,369,0,0,0,False
466,370,0,0,0,False
467,371,2,1,3,True
470,372,0,2,2,True
471,373,0,0,0,False
472,374,0,2,2,True
473,375,0,0,0,False
474,376,0,0,0,False
475,377,0,0,0,False
477,378,0,0,0,False
478,379,0,0,0,False
479,380,0,0,0,False
480,381,0,0,0,False
481,382,0,0,0,False
482,383,0,0,0,False
483,384,0,1,1,True
485,385,0,0,0,False
486,386,0,0,0,False
488,387,0,1,1,True
489,388,0,0,0,False
491,389,0,0,0,False
492,390,0,0,0,False
493,391,0,0,0,False
494,392,0,1,1,True
495,393,0,0,0,False
496,394,0,1,1,True
497,395,0,0,0,False
498,396,0,3,3,True
499,397,0,1,1,True
501,398,0,0,0,False
502,399,0,0,0,False
503,400,0,0,0,False
505,401,0,0,0,False
506,402,3,2,5,True
507,403,0,0,0,False
508,404,0,0,0,False
509,405,1,2,3,True
510,406,0,1,1,True
511,407,0,0,0,False
512,408,0,0,0,False
513,409,0,0,0,False
514,410,1,0,1,True
515,411,0,4,4,True
516,412,0,0,0,False
517,413,0,0,0,False
519,414,1,1,2,True
520,415,0,3,3,True
521,416,0,0,0,False
522,417,0,0,0,False
524,418,2,0,2,True
525,419,0,0,0,False
526,420,0,0,0,False
529,421,0,0,0,False
530,422,0,1,1,True
531,423,0,0,0,False
532,424,0,1,1,True
533,425,21,4,25,True
534,426,0,1,1,True
535,427,0,1,1,True
536,428,0,0,0,False
537,429,0,0,0,False
539,430,0,0,0,False
541,431,0,0,0,False
542,432,0,0,0,False
543,433,0,9,9,True
546,434,0,0,0,False
547,435,0,0,0,False
548,436,0,0,0,False
552,437,0,0,0,False
553,438,0,0,0,False
554,439,0,0,0,False
555,440,0,2,2,True
556,441,0,0,0,False
557,442,0,1,1,True
558,443,0,1,1,True
560,444,0,2,2,True
561,445,0,0,0,False
562,446,0,0,0,False
563,447,0,0,0,False
564,448,0,0,0,False
567,449,0,0,0,False
568,450,0,0,0,False
569,451,0,0,0,False
570,452,0,0,0,False
571,453,0,0,0,False
572,454,0,1,1,True
573,455,0,0,0,False
574,456,0,0,0,False
575,457,0,0,0,False
576,458,0,2,2,True
578,459,0,0,0,False
580,460,8,4,12,True
581,461,0,0,0,False
582,462,0,1,1,True
585,463,0,0,0,False
586,464,0,0,0,False
589,465,5,1,6,True
590,466,0,6,6,True
591,467,0,1,1,True
592,468,0,3,3,True
593,469,2,0,2,True
594,470,0,0,0,False
595,471,0,0,0,False
598,472,0,0,0,False
599,473,0,3,3,True
601,474,0,0,0,False
602,475,0,0,0,False
603,476,0,0,0,False
604,477,0,0,0,False
605,478,0,0,0,False
606,479,0,0,0,False
609,480,0,0,0,False
610,481,6,0,6,True
611,482,0,0,0,False
612,483,0,0,0,False
613,484,0,0,0,False
614,485,0,0,0,False
615,486,0,0,0,False
616,487,0,0,0,False
618,488,0,0,0,False
619,489,0,1,1,True
620,490,0,0,0,False
623,491,0,0,0,False
625,492,0,1,1,True
627,493,0,0,0,False
628,494,0,0,0,False
629,495,0,0,0,False
633,496,0,0,0,False
634,497,0,0,0,False
635,498,0,0,0,False
636,499,0,0,0,False
638,500,0,0,0,False
641,501,0,0,0,False
642,502,0,0,0,False
644,503,0,0,0,False
645,504,0,0,0,False
646,505,0,0,0,False
648,506,0,2,2,True
649,507,0,0,0,False
651,508,0,0,0,False
653,509,0,0,0,False
654,510,0,0,0,False
655,511,0,1,1,True
656,512,0,0,0,False
659,513,0,0,0,False
660,514,0,0,0,False
661,515,0,0,0,False
664,516,0,0,0,False
665,517,0,2,2,True
666,518,0,0,0,False
668,519,0,0,0,False
669,520,17,6,23,True
671,521,0,0,0,False
672,522,0,0,0,False
673,523,0,0,0,False
674,524,0,1,1,True
675,525,0,1,1,True
676,526,0,5,5,True
677,527,0,0,0,False
678,528,0,0,0,False
679,529,0,0,0,False
681,530,0,2,2,True
683,531,0,2,2,True
684,532,0,0,0,False
685,533,0,0,0,False
686,534,0,0,0,False
688,535,0,0,0,False
690,536,0,0,0,False
692,537,0,0,0,False
693,538,0,0,0,False
695,539,0,0,0,False
696,540,0,0,0,False
697,541,0,0,0,False
698,542,0,0,0,False
699,543,0,0,0,False
700,544,0,0,0,False
702,545,0,0,0,False
704,546,0,0,0,False
705,547,0,0,0,False
706,548,0,0,0,False
707,549,0,0,0,False
708,550,0,0,0,False
709,551,0,0,0,False
710,552,0,0,0,False
711,553,0,0,0,False
712,554,0,2,2,True
714,555,0,0,0,False
715,556,0,0,0,False
716,557,0,0,0,False
717,558,0,0,0,False
718,559,0,0,0,False
719,560,0,0,0,False
722,561,0,0,0,False
724,562,28,2,30,True
725,563,0,0,0,False
726,564,0,1,1,True
727,565,0,0,0,False
728,566,0,0,0,False
729,567,0,0,0,False
730,568,0,0,0,False
731,569,0,0,0,False
732,570,0,0,0,False
735,571,0,0,0,False
736,572,0,0,0,False
739,573,0,0,0,False
740,574,0,0,0,False
742,575,0,0,0,False
743,576,0,0,0,False
744,577,0,0,0,False
745,578,0,0,0,False
746,579,0,3,3,True
747,580,0,0,0,False
748,581,0,0,0,False
749,582,0,0,0,False
751,583,0,0,0,False
752,584,0,0,0,False
753,585,0,0,0,False
755,586,0,0,0,False
756,587,0,0,0,False
757,588,0,0,0,False
759,589,0,0,0,False
760,590,0,1,1,True
762,591,0,3,3,True
766,592,0,0,0,False
767,593,0,0,0,False
768,594,0,0,0,False
769,595,0,0,0,False
770,596,0,0,0,False
771,597,0,0,0,False
772,598,0,1,1,True
773,599,6,2,8,True
776,600,0,3,3,True
777,601,0,0,0,False
778,602,0,0,0,False
779,603,0,0,0,False
782,604,0,2,2,True
784,605,0,0,0,False
785,606,0,0,0,False
786,607,0,0,0,False
787,608,0,2,2,True
788,609,0,0,0,False
789,610,0,0,0,False
791,611,0,0,0,False
794,612,0,9,9,True
795,613,0,0,0,False
796,614,0,1,1,True
798,615,0,1,1,True
799,616,0,0,0,False
800,617,0,0,0,False
801,618,0,0,0,False
802,619,0,0,0,False
803,620,0,0,0,False
804,621,0,0,0,False
805,622,4,2,6,True
806,623,0,0,0,False
807,624,0,0,0,False
808,625,0,0,0,False
810,626,0,0,0,False
812,627,0,0,0,False
813,628,0,0,0,False
814,629,0,0,0,False
816,630,0,0,0,False
817,631,0,0,0,False
818,632,7,2,9,True
820,633,0,0,0,False
821,634,0,0,0,False
823,635,0,0,0,False
825,636,3,2,5,True
827,637,0,0,0,False
829,638,0,0,0,False
831,639,0,0,0,False
833,640,0,0,0,False
834,641,0,2,2,True
835,642,0,0,0,False
836,643,0,1,1,True
837,644,0,0,0,False
839,645,0,0,0,False
842,646,0,0,0,False
843,647,0,5,5,True
844,648,0,0,0,False
845,649,0,0,0,False
846,650,1,0,1,True
847,651,0,0,0,False
848,652,0,0,0,False
849,653,0,0,0,False
850,654,0,0,0,False
851,655,0,0,0,False
852,656,0,4,4,True
854,657,0,0,0,False
856,658,0,0,0,False
857,659,0,3,3,True
858,660,0,0,0,False
859,661,0,0,0,False
860,662,0,8,8,True
861,663,0,0,0,False
863,664,0,0,0,False
864,665,0,0,0,False
865,666,0,0,0,False
866,667,0,0,0,False
868,668,0,0,0,False
871,669,0,0,0,False
873,670,0,0,0,False
876,671,0,2,2,True
877,672,0,0,0,False
878,673,0,0,0,False
880,674,0,0,0,False
881,675,0,0,0,False
884,676,0,0,0,False
885,677,0,0,0,False
886,678,1,2,3,True
887,679,0,0,0,False
889,680,0,0,0,False
892,681,0,0,0,False
893,682,0,0,0,False
895,683,0,0,0,False
897,684,0,0,0,False
899,685,0,0,0,False
900,686,0,0,0,False
901,687,0,0,0,False
902,688,0,0,0,False
903,689,0,0,0,False
906,690,0,0,0,False
907,691,0,0,0,False
908,692,0,0,0,False
911,693,0,0,0,False
912,694,1,0,1,True
913,695,0,10,10,True
916,696,0,0,0,False
918,697,0,0,0,False
919,698,0,0,0,False
920,699,0,0,0,False
921,700,0,0,0,False
922,701,0,0,0,False
924,702,0,1,1,True
925,703,0,0,0,False
927,704,0,0,0,False
928,705,0,0,0,False
929,706,0,2,2,True
930,707,0,0,0,False
931,708,4,2,6,True
932,709,0,0,0,False
935,710,0,0,0,False
936,711,0,0,0,False
937,712,0,0,0,False
940,713,4,0,4,True
941,714,0,2,2,True
943,715,0,0,0,False
944,716,0,1,1,True
946,717,0,0,0,False
947,718,0,0,0,False
948,719,0,0,0,False
949,720,0,2,2,True
951,721,0,0,0,False
952,722,0,1,1,True
953,723,0,1,1,True
955,724,0,0,0,False
956,725,0,0,0,False
958,726,0,0,0,False
960,727,0,0,0,False
961,728,0,0,0,False
962,729,0,0,0,False
963,730,0,0,0,False
964,731,0,0,0,False
965,732,0,0,0,False
966,733,0,0,0,False
967,734,0,0,0,False
968,735,0,0,0,False
969,736,0,0,0,False
971,737,0,0,0,False
972,738,0,0,0,False
973,739,0,0,0,False
974,740,0,0,0,False
975,741,0,0,0,False
977,742,0,0,0,False
979,743,0,1,1,True
980,744,1,0,1,True
981,745,0,0,0,False
982,746,0,1,1,True
983,747,0,0,0,False
985,748,0,0,0,False
986,749,0,0,0,False
987,750,0,0,0,False
991,751,0,0,0,False
993,752,0,0,0,False
994,753,0,0,0,False
995,754,0,0,0,False
996,755,0,0,0,False
997,756,0,0,0,False
998,757,1,0,1,True
999,758,0,0,0,False
1000,759,0,0,0,False
1002,760,0,0,0,False
1003,761,0,0,0,False
1004,762,0,1,1,True
1005,763,0,0,0,False
1006,764,0,0,0,False
1007,765,0,0,0,False
1008,766,0,0,0,False
1009,767,0,0,0,False
1010,768,0,0,0,False
1011,769,0,0,0,False
1012,770,0,0,0,False
1014,771,0,0,0,False
1015,772,0,0,0,False
1016,773,0,0,0,False
1017,774,0,0,0,False
1018,775,0,0,0,False
1021,776,0,0,0,False
1022,777,0,0,0,False
1024,778,0,0,0,False
1026,779,0,0,0,False
1027,780,0,0,0,False
1029,781,0,0,0,False
1030,782,1,0,1,True
1031,783,0,0,0,False
1032,784,0,0,0,False
1033,785,0,0,0,False
1034,786,0,0,0,False
1035,787,0,0,0,False
1036,788,0,0,0,False
1037,789,0,1,1,True
1038,790,0,0,0,False
1041,791,0,0,0,False
1042,792,0,0,0,False
1043,793,0,0,0,False
1044,794,12,4,16,True
1045,795,12,1,13,True
1046,796,0,0,0,False
1047,797,0,0,0,False
1048,798,0,0,0,False
1049,799,0,0,0,False
1050,800,0,0,0,False
1051,801,0,0,0,False
1052,802,0,0,0,False
1053,803,0,0,0,False
1054,804,0,0,0,False
1056,805,0,0,0,False
1057,806,0,1,1,True
1059,807,0,1,1,True
1060,808,0,0,0,False
1061,809,0,0,0,False
1062,810,0,0,0,False
1063,811,0,0,0,False
1064,812,0,0,0,False
1067,813,0,0,0,False
1068,814,0,0,0,False
1069,815,0,0,0,False
1071,816,0,0,0,False
1072,817,0,0,0,False
1073,818,0,0,0,False
1074,819,0,0,0,False
1076,820,0,1,1,True
1077,821,0,2,2,True
1078,822,0,4,4,True
1082,823,0,0,0,False
1085,824,0,0,0,False
1086,825,0,0,0,False
1087,826,0,1,1,True
1089,827,0,0,0,False
1090,828,0,0,0,False
1091,829,0,1,1,True
1093,830,0,0,0,False
1094,831,0,1,1,True
1095,832,0,0,0,False
1098,833,0,0,0,False
1100,834,0,0,0,False
1101,835,3,1,4,True
1102,836,0,0,0,False
1103,837,0,0,0,False
1106,838,0,3,3,True
1107,839,0,0,0,False
1108,840,0,0,0,False
1109,841,0,1,1,True
1111,842,0,1,1,True
1112,843,0,0,0,False
1115,844,0,0,0,False
1117,845,0,0,0,False
1121,846,0,0,0,False
1123,847,0,0,0,False
1124,848,0,0,0,False
1125,849,0,0,0,False
1126,850,0,1,1,True
1127,851,0,0,0,False
1128,852,0,1,1,True
1131,853,0,1,1,True
1132,854,0,0,0,False
1133,855,0,1,1,True
1135,856,0,0,0,False
1137,857,0,0,0,False
1138,858,0,0,0,False
1139,859,0,1,1,True
1140,860,0,0,0,False
1141,861,0,0,0,False
1142,862,0,0,0,False
1143,863,0,1,1,True
1144,864,0,0,0,False
1146,865,0,0,0,False
1147,866,0,1,1,True
1148,867,0,0,0,False
1149,868,0,0,0,False
1151,869,0,0,0,False
1152,870,0,4,4,True
1153,871,0,1,1,True
1154,872,0,0,0,False
1155,873,0,0,0,False
1156,874,0,0,0,False
1157,875,0,2,2,True
1160,876,0,3,3,True
1161,877,0,0,0,False
1163,878,0,0,0,False
1164,879,0,0,0,False
1165,880,0,0,0,False
1166,881,0,1,1,True
1168,882,0,3,3,True
1169,883,0,0,0,False
1170,884,0,0,0,False
1171,885,0,0,0,False
1173,886,0,0,0,False
1174,887,0,0,0,False
1175,888,0,0,0,False
1176,889,0,0,0,False
1177,890,0,0,0,False
1178,891,0,0,0,False
1182,892,0,0,0,False
1183,893,0,5,5,True
1184,894,0,0,0,False
1186,895,0,0,0,False
1187,896,0,0,0,False
1188,897,0,0,0,False
1189,898,1,1,2,True
1190,899,0,2,2,True
1191,900,0,0,0,False
1192,901,0,3,3,True
1197,902,0,0,0,False
1198,903,0,0,0,False
1199,904,0,4,4,True
1204,905,0,3,3,True
1205,906,0,0,0,False
1208,907,0,0,0,False
1209,908,0,0,0,False
1211,909,0,0,0,False
1212,910,1,1,2,True
1214,911,0,0,0,False
1216,912,0,0,0,False
1217,913,0,0,0,False
1218,914,0,0,0,False
1219,915,0,0,0,False
1220,916,0,0,0,False
1221,917,0,0,0,False
1224,918,0,0,0,False
1226,919,0,0,0,False
1227,920,0,0,0,False
1228,921,0,0,0,False
1229,922,0,0,0,False
1230,923,0,0,0,False
1232,924,0,2,2,True
1234,925,0,0,0,False
1235,926,0,2,2,True
1236,927,0,0,0,False
1239,928,0,0,0,False
1240,929,0,0,0,False
1241,930,0,0,0,False
1242,931,0,0,0,False
1244,932,0,0,0,False
1247,933,0,0,0,False
1249,934,0,0,0,False
1251,935,0,0,0,False
1253,936,0,0,0,False
1254,937,0,0,0,False
1255,938,0,0,0,False
1256,939,0,0,0,False
1258,940,0,0,0,False
1259,941,0,0,0,False
1262,942,0,0,0,False
1263,943,0,0,0,False
1264,944,0,0,0,False
1266,945,4,5,9,True
1268,946,0,0,0,False
1269,947,2,0,2,True
1271,948,0,0,0,False
1272,949,0,0,0,False
1273,950,0,0,0,False
1275,951,0,0,0,False
1277,952,0,0,0,False
1279,953,39,4,43,True
1280,954,0,0,0,False
1282,955,0,0,0,False
1283,956,0,0,0,False
1284,957,0,0,0,False
1285,958,0,0,0,False
1286,959,0,0,0,False
1287,960,0,0,0,False
1288,961,0,0,0,False
1289,962,0,0,0,False
1291,963,0,0,0,False
1292,964,0,1,1,True
1293,965,0,0,0,False
1294,966,0,0,0,False
1295,967,0,2,2,True
1298,968,0,12,12,True
1299,969,0,0,0,False
1300,970,0,0,0,False
1303,971,0,0,0,False
1304,972,0,0,0,False
1305,973,0,0,0,False
1308,974,0,0,0,False
1309,975,0,0,0,False
1310,976,0,0,0,False
1313,977,0,0,0,False
1314,978,0,0,0,False
1315,979,1,0,1,True
1316,980,0,0,0,False
1317,981,0,2,2,True
1318,982,0,1,1,True
1320,983,0,0,0,False
1321,984,0,0,0,False
1322,985,0,0,0,False
1326,986,0,0,0,False
1327,987,0,0,0,False
1328,988,0,0,0,False
1329,989,0,1,1,True
1330,990,21,6,27,True
1331,991,0,1,1,True
1332,992,0,0,0,False
1334,993,0,1,1,True
1336,994,0,0,0,False
1339,995,0,0,0,False
1340,996,0,2,2,True
1342,997,0,0,0,False
1343,998,0,0,0,False
1344,999,0,0,0,False
1347,1000,0,0,0,False
1348,1001,0,0,0,False
1350,1002,0,0,0,False
1351,1003,0,0,0,False
1352,1004,0,0,0,False
1355,1005,0,0,0,False
1356,1006,0,0,0,False
1357,1007,0,1,1,True
1359,1008,1,0,1,True
1361,1009,0,0,0,False
1365,1010,0,9,9,True
1366,1011,0,1,1,True
1367,1012,0,0,0,False
1368,1013,0,0,0,False
1370,1014,0,12,12,True
1371,1015,0,0,0,False
1372,1016,0,0,0,False
1374,1017,0,7,7,True
1378,1018,1,0,1,True
1379,1019,0,0,0,False
1382,1020,0,0,0,False
1383,1021,0,0,0,False
1387,1022,0,0,0,False
1388,1023,20,1,21,True
1389,1024,0,0,0,False
1390,1025,0,0,0,False
1391,1026,0,0,0,False
1392,1027,0,0,0,False
1393,1028,0,0,0,False
1394,1029,0,0,0,False
1396,1030,0,0,0,False
1398,1031,0,0,0,False
1399,1032,0,0,0,False
1400,1033,0,0,0,False
1401,1034,0,0,0,False
1402,1035,0,0,0,False
1405,1036,0,0,0,False
1408,1037,105,5,110,True
1409,1038,0,0,0,False
1410,1039,0,0,0,False
1412,1040,0,0,0,False
1414,1041,0,0,0,False
1415,1042,0,0,0,False
1416,1043,0,0,0,False
1417,1044,0,0,0,False
1418,1045,0,0,0,False
1419,1046,0,2,2,True
1420,1047,0,4,4,True
1422,1048,0,0,0,False
1423,1049,0,0,0,False
1424,1050,0,0,0,False
1425,1051,0,0,0,False
1427,1052,0,0,0,False
1428,1053,0,0,0,False
1429,1054,0,0,0,False
1430,1055,0,0,0,False
1432,1056,0,0,0,False
1433,1057,0,0,0,False
1434,1058,0,0,0,False
1436,1059,0,0,0,False
1440,1060,0,0,0,False
1441,1061,0,0,0,False
1448,1062,0,0,0,False
1449,1063,0,0,0,False
1450,1064,0,0,0,False
1455,1065,0,0,0,False
1456,1066,0,0,0,False
1457,1067,0,0,0,False
1460,1068,0,0,0,False
1462,1069,0,0,0,False
1463,1070,0,0,0,False
1472,1071,0,0,0,False
1473,1072,0,0,0,False
1474,1073,0,0,0,False
1476,1074,0,0,0,False
1477,1075,0,0,0,False
1480,1076,0,0,0,False
1482,1077,0,0,0,False
1484,1078,0,0,0,False
1485,1079,0,0,0,False
1487,1080,0,0,0,False
1492,1081,0,2,2,True
1493,1082,45,6,51,True
1494,1083,0,0,0,False
1499,1084,0,0,0,False
1504,1085,0,3,3,True
1505,1086,1,0,1,True
1506,1087,0,0,0,False
1507,1088,0,3,3,True
1510,1089,0,0,0,False
1515,1090,0,0,0,False
1517,1091,0,0,0,False
1518,1092,0,0,0,False
1519,1093,9,0,9,True
1520,1094,0,0,0,False
1523,1095,0,3,3,True
1526,1096,0,0,0,False
1527,1097,0,0,0,False
1528,1098,0,0,0,False
1530,1099,0,0,0,False
1531,1100,0,0,0,False
1532,1101,0,0,0,False
1535,1102,0,0,0,False
1536,1103,0,0,0,False
1538,1104,0,0,0,False
1541,1105,0,0,0,False
1542,1106,0,1,1,True
1543,1107,0,0,0,False
1548,1108,0,2,2,True
1555,1109,0,0,0,False
1559,1110,0,0,0,False
1563,1111,0,0,0,False
1568,1112,0,0,0,False
1569,1113,0,0,0,False
1571,1114,0,0,0,False
1572,1115,0,0,0,False
1574,1116,0,0,0,False
1576,1117,0,0,0,False
1577,1118,0,0,0,False
1579,1119,0,0,0,False
1582,1120,0,0,0,False
1583,1121,0,0,0,False
1584,1122,0,0,0,False
1586,1123,0,0,0,False
1587,1124,0,0,0,False
1589,1125,0,0,0,False
1590,1126,0,0,0,False
1591,1127,0,0,0,False
1596,1128,0,2,2,True
1597,1129,0,0,0,False
1598,1130,0,0,0,False
1599,1131,0,0,0,False
1600,1132,0,0,0,False
1601,1133,0,0,0,False
1602,1134,0,0,0,False
1603,1135,0,0,0,False
1605,1136,0,0,0,False
1609,1137,0,0,0,False
1610,1138,0,0,0,False
1611,1139,0,0,0,False
1612,1140,0,3,3,True
1613,1141,0,0,0,False
1615,1142,0,0,0,False
1616,1143,0,0,0,False
1617,1144,0,0,0,False
1619,1145,0,0,0,False
1620,1146,0,0,0,False
1625,1147,0,0,0,False
1627,1148,0,0,0,False
1629,1149,0,0,0,False
1630,1150,0,0,0,False
1631,1151,0,0,0,False
1632,1152,0,0,0,False
1633,1153,0,0,0,False
1634,1154,0,0,0,False
1635,1155,0,0,0,False
1636,1156,0,0,0,False
1637,1157,0,0,0,False
1641,1158,0,0,0,False
1642,1159,0,0,0,False
1643,1160,0,0,0,False
1644,1161,0,0,0,False
1646,1162,0,0,0,False
1649,1163,0,0,0,False
1650,1164,0,0,0,False
1651,1165,0,0,0,False
1652,1166,0,0,0,False
1654,1167,0,0,0,False
1657,1168,0,0,0,False
1658,1169,0,0,0,False
1659,1170,17,5,22,True
1661,1171,0,0,0,False
1662,1172,0,0,0,False
1663,1173,0,0,0,False
1664,1174,0,0,0,False
1666,1175,0,0,0,False
1667,1176,0,0,0,False
1669,1177,0,0,0,False
1670,1178,1,1,2,True
1671,1179,1,0,1,True
1672,1180,0,0,0,False
1675,1181,0,0,0,False
1676,1182,0,0,0,False
1678,1183,0,2,2,True
1681,1184,0,0,0,False
1682,1185,0,0,0,False
1684,1186,0,0,0,False
1685,1187,0,0,0,False
1688,1188,0,0,0,False
1694,1189,0,0,0,False
1695,1190,0,0,0,False
1696,1191,0,0,0,False
1699,1192,0,0,0,False
1700,1193,0,0,0,False
1706,1194,0,0,0,False
1707,1195,0,0,0,False
1709,1196,0,0,0,False
1710,1197,0,0,0,False
1713,1198,0,0,0,False
1714,1199,0,0,0,False
1715,1200,0,0,0,False
1716,1201,0,1,1,True
1718,1202,0,0,0,False
1719,1203,0,0,0,False
1720,1204,0,0,0,False
1721,1205,0,0,0,False
1722,1206,0,0,0,False
1724,1207,0,0,0,False
1728,1208,0,0,0,False
1729,1209,0,0,0,False
1733,1210,0,0,0,False
1734,1211,0,0,0,False
1736,1212,0,0,0,False
1738,1213,0,0,0,False
1741,1214,0,2,2,True
1744,1215,0,0,0,False
1745,1216,0,1,1,True
1748,1217,0,0,0,False
1749,1218,0,1,1,True
1750,1219,0,0,0,False
1752,1220,0,0,0,False
1755,1221,0,0,0,False
1757,1222,0,0,0,False
1758,1223,0,0,0,False
1760,1224,0,0,0,False
1765,1225,0,0,0,False
1766,1226,0,0,0,False
1768,1227,0,0,0,False
1769,1228,0,1,1,True
1770,1229,0,0,0,False
1771,1230,0,1,1,True
1774,1231,0,0,0,False
1777,1232,0,0,0,False
1779,1233,0,0,0,False
1782,1234,0,0,0,False
1784,1235,0,0,0,False
1785,1236,0,0,0,False
1786,1237,10,0,10,True
1788,1238,0,0,0,False
1789,1239,0,1,1,True
1795,1240,0,0,0,False
1796,1241,0,0,0,False
1800,1242,0,0,0,False
1801,1243,0,1,1,True
1802,1244,0,0,0,False
1803,1245,0,0,0,False
1804,1246,0,0,0,False
1805,1247,0,0,0,False
1807,1248,0,0,0,False
1808,1249,0,0,0,False
1809,1250,0,0,0,False
1814,1251,0,0,0,False
1815,1252,0,0,0,False
1816,1253,0,0,0,False
1817,1254,0,0,0,False
1818,1255,0,0,0,False
1821,1256,0,0,0,False
1823,1257,0,0,0,False
1824,1258,0,0,0,False
1827,1259,0,0,0,False
1828,1260,0,0,0,False
1830,1261,0,0,0,False
1832,1262,0,0,0,False
1835,1263,0,0,0,False
1836,1264,0,0,0,False
1837,1265,0,0,0,False
1838,1266,0,0,0,False
1839,1267,0,0,0,False
1842,1268,0,0,0,False
1843,1269,0,1,1,True
1844,1270,0,0,0,False
1847,1271,0,0,0,False
1848,1272,0,0,0,False
1849,1273,0,0,0,False
1850,1274,0,0,0,False
1851,1275,0,0,0,False
1852,1276,0,0,0,False
1853,1277,0,0,0,False
1855,1278,0,0,0,False
1856,1279,0,3,3,True
1857,1280,0,0,0,False
1861,1281,0,0,0,False
1864,1282,0,0,0,False
1865,1283,0,0,0,False
1866,1284,0,0,0,False
1867,1285,0,0,0,False
1870,1286,0,0,0,False
1871,1287,0,0,0,False
1873,1288,0,0,0,False
1874,1289,0,0,0,False
1875,1290,0,0,0,False
1876,1291,0,0,0,False
1877,1292,0,0,0,False
1878,1293,0,0,0,False
1879,1294,0,0,0,False
1881,1295,0,0,0,False
1882,1296,0,0,0,False
1883,1297,0,0,0,False
1884,1298,0,0,0,False
1885,1299,0,1,1,True
1886,1300,0,1,1,True
1887,1301,0,0,0,False
1888,1302,0,0,0,False
1889,1303,0,0,0,False
1890,1304,0,0,0,False
1891,1305,0,0,0,False
1892,1306,0,0,0,False
1893,1307,0,0,0,False
1894,1308,0,0,0,False
1915,1309,0,0,0,False
1933,1310,0,0,0,False
1940,1311,0,0,0,False
1946,1312,0,0,0,False
1953,1313,0,0,0,False
1955,1314,0,0,0,False
1958,1315,0,0,0,False
1967,1316,0,1,1,True
1968,1317,0,0,0,False
1969,1318,0,0,0,False
1976,1319,0,0,0,False
1977,1320,0,0,0,False
1978,1321,0,0,0,False
1979,1322,0,0,0,False
1984,1323,0,0,0,False
1986,1324,0,0,0,False
1987,1325,0,0,0,False
1989,1326,0,0,0,False
1990,1327,0,0,0,False
1993,1328,0,0,0,False
1994,1329,0,1,1,True
1997,1330,0,0,0,False
1999,1331,0,0,0,False
2001,1332,0,0,0,False
2002,1333,0,0,0,False
2006,1334,0,0,0,False
2015,1335,0,0,0,False
2020,1336,0,0,0,False
2022,1337,0,0,0,False
2023,1338,0,0,0,False
2032,1339,0,0,0,False
2033,1340,0,2,2,True
2035,1341,0,0,0,False
2036,1342,0,0,0,False
2037,1343,0,0,0,False
2040,1344,0,0,0,False
2041,1345,0,0,0,False
2044,1346,0,0,0,False
2046,1347,0,0,0,False
2048,1348,0,0,0,False
2053,1349,0,0,0,False
2056,1350,0,1,1,True
2057,1351,0,0,0,False
2062,1352,0,0,0,False
2087,1353,0,0,0,False
2100,1354,0,0,0,False
2101,1355,0,0,0,False
2102,1356,0,0,0,False
2104,1357,0,0,0,False
2107,1358,0,0,0,False
2110,1359,0,0,0,False
2113,1360,0,0,0,False
2116,1361,0,0,0,False
2119,1362,0,0,0,False
2121,1363,0,0,0,False
2122,1364,0,0,0,False
2123,1365,0,0,0,False
2124,1366,0,0,0,False
2125,1367,0,0,0,False
2126,1368,0,0,0,False
2127,1369,0,0,0,False
2129,1370,0,0,0,False
2131,1371,0,0,0,False
2132,1372,0,0,0,False
2133,1373,0,0,0,False
2134,1374,0,0,0,False
2135,1375,0,0,0,False
2136,1376,0,0,0,False
2137,1377,0,0,0,False
2139,1378,0,0,0,False
2140,1379,0,0,0,False
2141,1380,0,0,0,False
2142,1381,0,0,0,False
2143,1382,0,0,0,False
2145,1383,0,0,0,False
2146,1384,0,0,0,False
2147,1385,0,0,0,False
2148,1386,0,0,0,False
2149,1387,0,0,0,False
2150,1388,0,0,0,False
2151,1389,0,0,0,False
2152,1390,0,0,0,False
2153,1391,0,0,0,False
2154,1392,0,0,0,False
2155,1393,0,0,0,False
2156,1394,0,0,0,False
2158,1395,0,0,0,False
2165,1396,0,0,0,False
2166,1397,0,0,0,False
2167,1398,0,0,0,False
2168,1399,0,0,0,False
2169,1400,0,0,0,False
2171,1401,0,0,0,False
2172,1402,0,0,0,False
2173,1403,0,0,0,False
2174,1404,0,0,0,False
2175,1405,0,0,0,False
2176,1406,0,0,0,False
2177,1407,0,0,0,False
2178,1408,0,0,0,False
2180,1409,0,0,0,False
2181,1410,0,0,0,False
2182,1411,0,0,0,False
2183,1412,0,0,0,False
2184,1413,0,0,0,False
2185,1414,0,0,0,False
2187,1415,0,0,0,False
2189,1416,0,0,0,False
2190,1417,0,0,0,False
2197,1418,0,0,0,False
2199,1419,0,0,0,False
2200,1420,0,0,0,False
2201,1421,0,0,0,False
2202,1422,0,0,0,False
2204,1423,0,0,0,False
2205,1424,0,0,0,False
2207,1425,0,0,0,False
2212,1426,0,0,0,False
2214,1427,0,0,0,False
2216,1428,0,0,0,False
2219,1429,0,0,0,False
2223,1430,0,0,0,False
2225,1431,0,0,0,False
2226,1432,0,0,0,False
2227,1433,0,0,0,False
2228,1434,0,0,0,False
2229,1435,0,0,0,False
2230,1436,0,0,0,False
2231,1437,0,0,0,False
2232,1438,0,0,0,False
2233,1439,0,0,0,False
2234,1440,0,0,0,False
2238,1441,0,0,0,False
2239,1442,0,0,0,False
2240,1443,0,0,0,False
2242,1444,0,0,0,False
2243,1445,0,0,0,False
2244,1446,0,0,0,False
2245,1447,0,0,0,False
2246,1448,0,0,0,False
2248,1449,0,0,0,False
2249,1450,0,0,0,False
2250,1451,0,0,0,False
2252,1452,0,0,0,False
2253,1453,0,0,0,False
2254,1454,0,0,0,False
2255,1455,0,0,0,False
2257,1456,0,0,0,False
2258,1457,0,0,0,False
2259,1458,0,0,0,False
2260,1459,0,0,0,False
2263,1460,0,0,0,False
2264,1461,0,0,0,False
2265,1462,0,0,0,False
2266,1463,0,0,0,False
2267,1464,0,0,0,False
2268,1465,0,0,0,False
2270,1466,0,0,0,False
2271,1467,0,0,0,False
2284,1468,0,0,0,False
2292,1469,0,0,0,False
2296,1470,0,0,0,False
2305,1471,0,0,0,False
2306,1472,0,0,0,False
2319,1473,0,0,0,False
2321,1474,0,0,0,False
2323,1475,0,0,0,False
2331,1476,0,0,0,False
2335,1477,0,0,0,False
2337,1478,0,0,0,False
2339,1479,0,0,0,False
2351,1480,0,0,0,False
2354,1481,0,0,0,False
2360,1482,0,0,0,False
2361,1483,0,0,0,False
2364,1484,0,0,0,False
2397,1485,6,0,6,True
2400,1486,0,0,0,False
2405,1487,0,0,0,False
2406,1488,0,0,0,False
2407,1489,0,0,0,False
2408,1490,0,0,0,False
2414,1491,0,0,0,False
2439,1492,0,0,0,False
2440,1493,0,0,0,False
2443,1494,0,0,0,False
2453,1495,0,0,0,False
2454,1496,0,0,0,False
2455,1497,0,0,0,False
2456,1498,0,0,0,False
2458,1499,0,0,0,False
2460,1500,0,0,0,False
2463,1501,0,0,0,False
2464,1502,0,0,0,False
2468,1503,0,0,0,False
2470,1504,0,0,0,False
2471,1505,0,0,0,False
2477,1506,0,0,0,False
2481,1507,0,0,0,False
2484,1508,0,0,0,False
2485,1509,0,0,0,False
2488,1510,0,0,0,False
2491,1511,0,0,0,False
2500,1512,0,0,0,False
2507,1513,0,0,0,False
2510,1514,0,0,0,False
2538,1515,0,0,0,False
2544,1516,0,0,0,False
2547,1517,0,0,0,False
2548,1518,0,0,0,False
2549,1519,0,0,0,False
2550,1520,0,0,0,False
2561,1521,0,0,0,False
2562,1522,0,0,0,False
2563,1523,0,0,0,False
2564,1524,0,0,0,False
2566,1525,0,0,0,False
2582,1526,0,0,0,False
2584,1527,0,0,0,False
2585,1528,0,0,0,False
2589,1529,0,0,0,False
2592,1530,0,0,0,False
2604,1531,0,0,0,False
2607,1532,0,0,0,False
2610,1533,0,0,0,False
2615,1534,0,0,0,False
2616,1535,0,0,0,False
2628,1536,0,0,0,False
2630,1537,0,1,1,True
2632,1538,0,0,0,False
2658,1539,0,0,0,False
2660,1540,0,0,0,False
2663,1541,0,0,0,False
2665,1542,0,0,0,False
2676,1543,0,0,0,False
2681,1544,0,0,0,False
2692,1545,0,0,0,False
2693,1546,0,0,0,False
2701,1547,0,0,0,False
2705,1548,0,0,0,False
2707,1549,0,0,0,False
2711,1550,0,0,0,False
2716,1551,0,0,0,False
2720,1552,0,0,0,False
2724,1553,0,0,0,False
2725,1554,0,0,0,False
2739,1555,0,0,0,False
2748,1556,0,0,0,False
2750,1557,0,0,0,False
2751,1558,0,0,0,False
2753,1559,0,0,0,False
2755,1560,0,0,0,False
2759,1561,0,0,0,False
2765,1562,0,0,0,False
2776,1563,0,0,0,False
2784,1564,0,0,0,False
2789,1565,0,0,0,False
2790,1566,0,0,0,False
2791,1567,0,0,0,False
2794,1568,0,0,0,False
2795,1569,0,0,0,False
2803,1570,0,0,0,False
2804,1571,0,0,0,False
2809,1572,0,0,0,False
2816,1573,0,0,0,False
2818,1574,0,0,0,False
2824,1575,0,0,0,False
2830,1576,0,0,0,False
2831,1577,0,0,0,False
2832,1578,0,0,0,False
2835,1579,0,0,0,False
2837,1580,0,0,0,False
2839,1581,0,0,0,False
2842,1582,0,0,0,False
2843,1583,0,0,0,False
2847,1584,0,0,0,False
2851,1585,0,0,0,False
2852,1586,0,0,0,False
2856,1587,0,0,0,False
2859,1588,0,0,0,False
2862,1589,0,0,0,False
2876,1590,0,0,0,False
2880,1591,0,0,0,False
2886,1592,0,0,0,False
2887,1593,0,0,0,False
2892,1594,0,0,0,False
2901,1595,0,0,0,False
2904,1596,0,0,0,False
2915,1597,0,0,0,False
2918,1598,0,0,0,False
2921,1599,0,0,0,False
2926,1600,0,0,0,False
2933,1601,0,0,0,False
2935,1602,0,0,0,False
2936,1603,0,0,0,False
2939,1604,0,0,0,False
2942,1605,0,0,0,False
2946,1606,0,0,0,False
2952,1607,0,0,0,False
2953,1608,0,0,0,False
2955,1609,0,0,0,False
2967,1610,0,0,0,False
2968,1611,0,0,0,False
2970,1612,0,0,0,False
2972,1613,0,0,0,False
2975,1614,0,0,0,False
2976,1615,0,0,0,False
2977,1616,0,0,0,False
2984,1617,0,0,0,False
2985,1618,0,0,0,False
2994,1619,0,0,0,False
2997,1620,0,0,0,False
3007,1621,0,0,0,False
3019,1622,0,0,0,False
3020,1623,0,0,0,False
3021,1624,0,0,0,False
3031,1625,0,0,0,False
3047,1626,0,0,0,False
3049,1627,0,0,0,False
3051,1628,0,0,0,False
3060,1629,0,0,0,False
3065,1630,0,0,0,False
3068,1631,0,0,0,False
3070,1632,0,0,0,False
3080,1633,0,0,0,False
3082,1634,0,0,0,False
3086,1635,0,0,0,False
3087,1636,0,0,0,False
3091,1637,0,0,0,False
3095,1638,0,0,0,False
3096,1639,0,0,0,False
3098,1640,0,0,0,False
3099,1641,0,0,0,False
3107,1642,0,0,0,False
3121,1643,0,0,0,False
3122,1644,0,0,0,False
3128,1645,0,0,0,False
3134,1646,0,0,0,False
3142,1647,0,0,0,False
3146,1648,0,0,0,False
3148,1649,0,0,0,False
3159,1650,0,0,0,False
3162,1651,0,0,0,False
3168,1652,0,0,0,False
3169,1653,0,0,0,False
3170,1654,0,0,0,False
3171,1655,0,0,0,False
3173,1656,0,0,0,False
3181,1657,0,0,0,False
3185,1658,0,0,0,False
3186,1659,0,0,0,False
3197,1660,0,0,0,False
3200,1661,0,0,0,False
3201,1662,0,0,0,False
3215,1663,0,0,0,False
3218,1664,0,0,0,False
3219,1665,0,0,0,False
3223,1666,0,0,0,False
3226,1667,0,0,0,False
3227,1668,0,0,0,False
3229,1669,0,0,0,False
3230,1670,0,0,0,False
3236,1671,0,0,0,False
3238,1672,0,0,0,False
3241,1673,0,0,0,False
3243,1674,0,0,0,False
3246,1675,0,0,0,False
3247,1676,0,0,0,False
3252,1677,0,0,0,False
3264,1678,0,0,0,False
3271,1679,0,0,0,False
3283,1680,0,0,0,False
3284,1681,0,0,0,False
3291,1682,0,0,0,False
3293,1683,0,0,0,False
3296,1684,0,0,0,False
3300,1685,0,0,0,False
3301,1686,0,0,0,False
3308,1687,0,0,0,False
3314,1688,0,0,0,False
3317,1689,0,0,0,False
3319,1690,0,0,0,False
3321,1691,0,0,0,False
3323,1692,0,0,0,False
3325,1693,0,0,0,False
3327,1694,0,0,0,False
3332,1695,0,0,0,False
3337,1696,0,0,0,False
3338,1697,0,2,2,True
3342,1698,0,0,0,False
3343,1699,0,0,0,False
3346,1700,0,0,0,False
3350,1701,0,0,0,False
3356,1702,0,0,0,False
3361,1703,0,0,0,False
3368,1704,0,0,0,False
3373,1705,0,0,0,False
3375,1706,0,0,0,False
3377,1707,0,3,3,True
3379,1708,0,0,0,False
3382,1709,0,0,0,False
3383,1710,0,0,0,False
3385,1711,0,0,0,False
3388,1712,0,0,0,False
3390,1713,0,0,0,False
3394,1714,0,0,0,False
3398,1715,0,0,0,False
3399,1716,0,0,0,False
3404,1717,0,0,0,False
3407,1718,0,0,0,False
3426,1719,0,0,0,False
3427,1720,0,0,0,False
3428,1721,0,0,0,False
3430,1722,0,0,0,False
3433,1723,0,0,0,False
3440,1724,0,0,0,False
3444,1725,0,0,0,False
3449,1726,0,0,0,False
3455,1727,0,0,0,False
3457,1728,0,0,0,False
3458,1729,0,0,0,False
3459,1730,0,0,0,False
3460,1731,0,0,0,False
3462,1732,0,0,0,False
3463,1733,0,0,0,False
3475,1734,0,0,0,False
3488,1735,0,1,1,True
3491,1736,0,0,0,False
3494,1737,0,0,0,False
3495,1738,0,0,0,False
3497,1739,0,0,0,False
3504,1740,0,0,0,False
3507,1741,0,0,0,False
3509,1742,0,0,0,False
3512,1743,0,0,0,False
3520,1744,0,0,0,False
3521,1745,0,0,0,False
3526,1746,0,0,0,False
3529,1747,0,0,0,False
3531,1748,0,0,0,False
3534,1749,0,0,0,False
3537,1750,0,0,0,False
3539,1751,0,0,0,False
3542,1752,0,0,0,False
3546,1753,0,0,0,False
3556,1754,0,0,0,False
3557,1755,0,0,0,False
3558,1756,0,0,0,False
3559,1757,0,0,0,False
3562,1758,0,0,0,False
3563,1759,0,0,0,False
3579,1760,0,0,0,False
3595,1761,0,0,0,False
3597,1762,0,0,0,False
3603,1763,0,0,0,False
3612,1764,0,0,0,False
3616,1765,0,0,0,False
3618,1766,0,0,0,False
3619,1767,0,0,0,False
3625,1768,0,0,0,False
3627,1769,0,0,0,False
3629,1770,0,0,0,False
3630,1771,0,0,0,False
3636,1772,0,0,0,False
3642,1773,0,0,0,False
3644,1774,0,0,0,False
3645,1775,0,0,0,False
3650,1776,0,0,0,False
3660,1777,0,0,0,False
3662,1778,0,0,0,False
3666,1779,0,0,0,False
3670,1780,0,0,0,False
3673,1781,0,0,0,False
3678,1782,0,0,0,False
3680,1783,0,0,0,False
3687,1784,0,0,0,False
3692,1785,0,0,0,False
3693,1786,0,0,0,False
3694,1787,0,0,0,False
3696,1788,0,0,0,False
3711,1789,0,0,0,False
3714,1790,0,0,0,False
3724,1791,0,0,0,False
3727,1792,0,0,0,False
3735,1793,0,0,0,False
3749,1794,0,0,0,False
3754,1795,0,0,0,False
3757,1796,0,0,0,False
3761,1797,0,0,0,False
3764,1798,0,0,0,False
3766,1799,0,0,0,False
3775,1800,0,0,0,False
3776,1801,0,0,0,False
3780,1802,0,0,0,False
3781,1803,0,0,0,False
3785,1804,0,0,0,False
3786,1805,0,0,0,False
3789,1806,0,0,0,False
3790,1807,0,0,0,False
3791,1808,0,0,0,False
3797,1809,0,0,0,False
3803,1810,0,0,0,False
3807,1811,0,0,0,False
3808,1812,0,0,0,False
3813,1813,0,0,0,False
3817,1814,0,2,2,True
3821,1815,0,0,0,False
3825,1816,0,0,0,False
3835,1817,0,0,0,False
3842,1818,0,0,0,False
3847,1819,0,0,0,False
3850,1820,0,0,0,False
3856,1821,0,0,0,False
3870,1822,0,0,0,False
3874,1823,0,0,0,False
3879,1824,0,0,0,False
3883,1825,0,0,0,False
3887,1826,0,0,0,False
3894,1827,0,0,0,False
3895,1828,0,0,0,False
3898,1829,0,0,0,False
3901,1830,0,0,0,False
3906,1831,0,0,0,False
3912,1832,0,0,0,False
3916,1833,0,0,0,False
3942,1834,0,0,0,False
3944,1835,0,0,0,False
3957,1836,0,0,0,False
3961,1837,0,0,0,False
3964,1838,0,0,0,False
3966,1839,0,0,0,False
3975,1840,0,0,0,False
3977,1841,0,0,0,False
3979,1842,0,0,0,False
3981,1843,0,0,0,False
3984,1844,0,0,0,False
3990,1845,0,0,0,False
3997,1846,0,0,0,False
4003,1847,0,0,0,False
4010,1848,0,0,0,False
4012,1849,0,0,0,False
4014,1850,0,0,0,False
4015,1851,0,0,0,False
4028,1852,0,0,0,False
4035,1853,0,0,0,False
4039,1854,0,0,0,False
4066,1855,0,0,0,False
4074,1856,0,0,0,False
4076,1857,0,0,0,False
4098,1858,0,0,0,False
4102,1859,0,0,0,False
4106,1860,0,0,0,False
4107,1861,0,0,0,False
4118,1862,0,0,0,False
4121,1863,0,0,0,False
4154,1864,0,0,0,False
4159,1865,0,0,0,False
4163,1866,0,0,0,False
4167,1867,0,0,0,False
4169,1868,0,0,0,False
4172,1869,0,0,0,False
4175,1870,2,0,2,True
4191,1871,0,0,0,False
4195,1872,0,0,0,False
4204,1873,0,0,0,False
4205,1874,0,0,0,False
4208,1875,0,0,0,False
4209,1876,0,0,0,False
4210,1877,0,0,0,False
4213,1878,0,0,0,False
4233,1879,0,0,0,False
4237,1880,0,0,0,False
4241,1881,0,0,0,False
4244,1882,0,0,0,False
4248,1883,0,0,0,False
4252,1884,0,0,0,False
4254,1885,0,0,0,False
4259,1886,0,0,0,False
4260,1887,0,0,0,False
4268,1888,0,0,0,False
4274,1889,0,0,0,False
4279,1890,0,0,0,False
4288,1891,0,0,0,False
4290,1892,0,0,0,False
4292,1893,0,0,0,False
4298,1894,0,0,0,False
4300,1895,0,0,0,False
4316,1896,0,0,0,False
4320,1897,0,0,0,False
4321,1898,0,5,5,True
4322,1899,0,0,0,False
4328,1900,0,0,0,False
4330,1901,0,0,0,False
4335,1902,0,0,0,False
4340,1903,0,0,0,False
4342,1904,0,0,0,False
4346,1905,0,1,1,True
4353,1906,0,0,0,False
4358,1907,0,0,0,False
4364,1908,0,0,0,False
4365,1909,0,0,0,False
4373,1910,0,0,0,False
4374,1911,0,0,0,False
4381,1912,0,0,0,False
4383,1913,0,0,0,False
4393,1914,0,0,0,False
4394,1915,0,0,0,False
4400,1916,0,0,0,False
4407,1917,0,0,0,False
4422,1918,0,3,3,True
4424,1919,0,0,0,False
4427,1920,0,0,0,False
4431,1921,0,0,0,False
4435,1922,0,0,0,False
4445,1923,0,0,0,False
4446,1924,0,0,0,False
4448,1925,0,0,0,False
4456,1926,0,0,0,False
4460,1927,0,0,0,False
4461,1928,0,0,0,False
4464,1929,2,1,3,True
4469,1930,0,0,0,False
4470,1931,0,0,0,False
4473,1932,0,0,0,False
4482,1933,0,0,0,False
4483,1934,0,0,0,False
4489,1935,0,2,2,True
4494,1936,0,0,0,False
4497,1937,0,0,0,False
4501,1938,0,0,0,False
4502,1939,0,0,0,False
4503,1940,0,0,0,False
4507,1941,0,0,0,False
4509,1942,0,0,0,False
4511,1943,0,0,0,False
4517,1944,0,0,0,False
4526,1945,0,0,0,False
4528,1946,0,0,0,False
4538,1947,0,0,0,False
4539,1948,0,0,0,False
4547,1949,0,0,0,False
4556,1950,0,0,0,False
4563,1951,0,0,0,False
4571,1952,0,0,0,False
4575,1953,0,0,0,False
4599,1954,0,0,0,False
4602,1955,0,0,0,False
4606,1956,0,0,0,False
4607,1957,0,0,0,False
4611,1958,0,0,0,False
4612,1959,0,0,0,False
4614,1960,0,0,0,False
4616,1961,0,0,0,False
4619,1962,0,0,0,False
4625,1963,0,0,0,False
4626,1964,0,0,0,False
4628,1965,0,0,0,False
4641,1966,0,0,0,False
4647,1967,0,0,0,False
4649,1968,0,0,0,False
4653,1969,0,0,0,False
4655,1970,0,0,0,False
4657,1971,0,0,0,False
4660,1972,0,0,0,False
4664,1973,0,0,0,False
4665,1974,0,0,0,False
4676,1975,0,0,0,False
4687,1976,0,0,0,False
4690,1977,0,0,0,False
4692,1978,0,0,0,False
4696,1979,0,0,0,False
4698,1980,0,0,0,False
4704,1981,0,0,0,False
4705,1982,0,0,0,False
4711,1983,0,0,0,False
4712,1984,0,0,0,False
4714,1985,0,0,0,False
4717,1986,0,0,0,False
4720,1987,0,0,0,False
4721,1988,0,0,0,False
4723,1989,0,0,0,False
4727,1990,0,0,0,False
4729,1991,0,0,0,False
4730,1992,0,0,0,False
4731,1993,0,0,0,False
4736,1994,0,0,0,False
4739,1995,0,0,0,False
4741,1996,0,0,0,False
4744,1997,0,0,0,False
4749,1998,0,0,0,False
4752,1999,0,0,0,False
4754,2000,0,0,0,False
4758,2001,0,0,0,False
4760,2002,0,0,0,False
4763,2003,0,0,0,False
4769,2004,0,0,0,False
4776,2005,0,0,0,False
4779,2006,0,0,0,False
4785,2007,0,0,0,False
4799,2008,0,0,0,False
4800,2009,0,0,0,False
4801,2010,0,0,0,False
4805,2011,0,0,0,False
4811,2012,0,0,0,False
4813,2013,0,0,0,False
4819,2014,0,0,0,False
4824,2015,0,0,0,False
4837,2016,0,0,0,False
4838,2017,0,0,0,False
4846,2018,0,0,0,False
4851,2019,0,0,0,False
4853,2020,0,0,0,False
4860,2021,0,0,0,False
4869,2022,0,0,0,False
4872,2023,0,0,0,False
4875,2024,0,0,0,False
4876,2025,0,0,0,False
4888,2026,0,0,0,False
4889,2027,0,0,0,False
4902,2028,0,0,0,False
4911,2029,0,0,0,False
4914,2030,0,0,0,False
4917,2031,0,0,0,False
4920,2032,0,0,0,False
4925,2033,0,0,0,False
4930,2034,0,0,0,False
4936,2035,0,0,0,False
4937,2036,0,0,0,False
4939,2037,0,0,0,False
4940,2038,0,0,0,False
