tf,n_targets,layer,obs_dist,null_dist_mean,null_dist_std,z_dist
ATM,22,0,17.08546283598502,17.55419053145746,0.394707775430275,-1.1875309397223728
ATM,22,1,15.111250874323497,15.848719574930678,0.3874750649704159,-1.9032675061645254
ATM,22,2,14.2923679846057,14.622054661777915,0.7049111284755882,-0.46769963454142205
ATM,22,3,14.095248255506617,14.832405905494488,0.7168199680680909,-1.028372091774442
ATM,22,4,13.241904195782748,13.951045490536433,0.9412043266500778,-0.7534403260529536
ATM,22,5,12.789019271125667,13.766051660583637,0.9103112232791185,-1.0732948957154544
ATM,22,6,12.532449831465408,13.41601272301521,1.0339096115403719,-0.8545842708952331
ATM,22,7,12.237348110336942,13.186268605123775,1.0496087359136363,-0.9040706906472545
ATM,22,8,11.897801832735036,12.797682941457516,1.1104647485851271,-0.8103644081174509
ATM,22,9,10.622561187266655,12.006350054391076,0.9989959183490947,-1.3851797006450453
ATM,22,10,8.809661965683732,10.676655960760652,1.665751933677423,-1.1208115430220282
ATM,22,11,6.877578560736577,8.72391521841461,1.616079831029675,-1.1424786215552558
BACH2,14,0,18.189638586606996,17.705777119095423,0.5195344917669306,0.9313365622096937
BACH2,14,1,16.589577155359564,15.365522202915903,0.5357976940013955,2.2845468842956094
BACH2,14,2,15.96774318189035,14.88514385583997,0.8167277896697466,1.3255326189992156
BACH2,14,3,16.03722470848187,14.597949323065354,0.7892370173146799,1.8236288387910924
BACH2,14,4,15.516684459255467,14.268459870045154,0.9857803449070042,1.2662299422576406
BACH2,14,5,15.206879300621269,13.365560098124899,0.9965431425760019,1.8477064602909965
BACH2,14,6,15.123360254998788,13.035968576622214,1.2378589693448834,1.6862920010033877
BACH2,14,7,15.082333530302769,13.300786406401684,1.2886876639285725,1.3824506695982695
BACH2,14,8,15.160333072507399,13.392931106531284,1.1983088493218172,1.4749135558636453
BACH2,14,9,14.403135067106177,12.259785015126297,1.4999964008868392,1.4289034631767599
BACH2,14,10,13.413611967630562,10.880838838309078,1.8816834969299667,1.3460144245585366
BACH2,14,11,11.383131177992114,8.854398733820627,1.6701961254959892,1.5140332357198727
BATF,12,0,17.79640213224586,17.600830155211586,0.5940211552561215,0.32923402694294496
BATF,12,1,15.680632934777316,15.660617635418806,0.8378044858686986,0.02389017926748978
BATF,12,2,14.877780877822778,14.717545947450422,0.8210822704125134,0.19515088334796668
BATF,12,3,14.874105316655363,14.77606518756782,0.8829433592112835,0.11103784638588915
BATF,12,4,14.047005711622951,14.288165062388554,0.9792982093833887,-0.24625731820488872
BATF,12,5,13.617840408112617,13.570100666850896,1.0146247482396367,0.0470516231193339
BATF,12,6,13.318167550629592,13.437904984803115,1.485986135044073,-0.08057776001387211
BATF,12,7,12.969921642019116,13.029860752775392,1.317000626168596,-0.04551183163112795
BATF,12,8,12.691093638416968,12.913914059093528,1.43694173996163,-0.1550657305580883
BATF,12,9,11.584588456053181,11.860683490130329,1.7195398563984885,-0.16056332340875112
BATF,12,10,9.980840466980125,11.058124829479539,2.372662854035581,-0.4540402192697113
BATF,12,11,8.058815397684855,8.644019201716484,2.112992758640766,-0.27695495010029064
CEBPD,10,0,17.87577423699607,17.478749672295518,0.6640029899231412,0.59792586889783
CEBPD,10,1,15.895028835947707,15.337971421782006,1.055091150975384,0.5279708901460569
CEBPD,10,2,15.104291924201076,14.895486023429793,1.0118789319623647,0.2063546281829786
CEBPD,10,3,14.931011584634911,14.71761425759362,0.9733686769572722,0.21923586827178948
CEBPD,10,4,14.101465041642474,14.72128820501725,1.2758206301397188,-0.4858231233546509
CEBPD,10,5,13.672061759740831,13.409609043886357,1.2891390730320729,0.2035875890699532
CEBPD,10,6,13.513776917897427,13.560931992004663,1.4052768841851486,-0.0335557174802451
CEBPD,10,7,13.206890102861262,12.82489392424138,1.42042454720873,0.26893098923877473
CEBPD,10,8,12.864768027901743,13.541150070904218,1.9437766545212902,-0.3479731282033804
CEBPD,10,9,11.96079815407222,12.229756964289601,2.171106682185369,-0.1238809738942239
CEBPD,10,10,10.590639413932957,9.91328280107842,2.615253937721176,0.2590022341940367
CEBPD,10,11,8.682596162564657,8.335103119203959,2.8446942356442397,0.12215479576208345
CIITA,24,0,17.344338022925065,17.331904464311474,0.49583894643217985,0.02507580072734621
CIITA,24,1,15.405291165697502,15.485203120436296,0.5090648103338622,-0.15697795863435318
CIITA,24,2,14.676626242785344,14.641818052737117,0.6075770161339047,0.05729016918664407
CIITA,24,3,14.69537408902939,14.874189589243025,0.44808092359632073,-0.39906965638807723
CIITA,24,4,13.899231246819204,13.832019754031691,0.7158756781168896,0.09388710196763811
CIITA,24,5,13.419759492322887,13.344917821419582,0.9718867898144025,0.0770065728721323
CIITA,24,6,13.21558387580229,13.006825665372336,0.7988234976733447,0.26133208529541707
CIITA,24,7,12.980733267927068,12.928339105536702,0.9490428588939877,0.05520737224810446
CIITA,24,8,12.789411245246338,12.612701263021496,1.2560535664517565,0.14068666093917723
CIITA,24,9,11.689082363019965,12.21757034722518,1.4890979627472074,-0.354904779555415
CIITA,24,10,10.090835377613436,9.641094043489788,1.4930177326477319,0.30122973377286805
CIITA,24,11,8.10844569409329,8.241397088246783,1.4513347498559046,-0.09160629149594479
EGR1,36,0,15.656277690515134,15.777006147725057,0.438617208182662,-0.27524788119951205
EGR1,36,1,13.983639495850557,14.249998073006044,0.5458920032630402,-0.48793273314747654
EGR1,36,2,13.306456673733491,13.568212226114545,0.6075832369487322,-0.43081430899177464
EGR1,36,3,13.32197892492488,13.65767604453121,0.5717950327849209,-0.5870934519513418
EGR1,36,4,12.699933585643258,12.789240261673447,0.6907669579277735,-0.12928625928793588
EGR1,36,5,12.383785544279013,12.947453277031112,0.5820495661536,-0.9684187834328708
EGR1,36,6,12.294384843601609,12.384144647496253,0.6243041220144204,-0.14377576685705562
EGR1,36,7,12.190890366421378,12.199910608538895,0.8155783241882374,-0.011059933607841736
EGR1,36,8,12.168656799422736,12.209721891991137,1.1938596840433746,-0.03439691708938609
EGR1,36,9,11.189293138336241,11.774234616707037,1.1158523924194457,-0.5242104442707671
EGR1,36,10,9.772125979256096,10.513159779981027,1.2727773867320145,-0.5822179184276767
EGR1,36,11,7.946985891962932,8.21688410393609,1.4872875349714312,-0.18147009614945972
EGR3,16,0,17.753954024669966,17.32545410168115,0.4377614154176744,0.9788435158909073
EGR3,16,1,15.741101328065504,15.675289881433141,0.6367671751874735,0.103352448425105
EGR3,16,2,14.844336264119944,14.743089032585633,0.6090097359967396,0.16624895391631758
EGR3,16,3,14.728035031295462,14.88830678070087,0.7584925233796826,-0.21130300492781365
EGR3,16,4,13.904118130348218,14.425576740618657,0.7870293970834552,-0.6625656070825839
EGR3,16,5,13.491328131856076,13.713220277619518,0.8321515733333875,-0.26664871265531487
EGR3,16,6,13.261492492835279,13.3295209477271,1.1903716935091682,-0.057148918495597625
EGR3,16,7,12.945449095834828,12.891591653095688,1.2001657462660793,0.044875004062313886
EGR3,16,8,12.712160632754387,13.648781950885052,1.3315318806971994,-0.70341636704954
EGR3,16,9,11.461376099634673,11.48665400475271,1.5847730621402891,-0.015950488888231012
EGR3,16,10,9.64692810100418,10.675659118372113,1.9992568182420478,-0.514556713265332
EGR3,16,11,7.646091609405565,7.894284333063231,1.7739832725085334,-0.13990702590261989
ELF1,11,0,17.71268521982844,17.506123218094405,0.5597864496586552,0.36900143234976795
ELF1,11,1,15.47245366736051,15.380971023825131,0.7357480502357636,0.12433963434366434
ELF1,11,2,14.446148333322109,14.643842756403737,0.8992224979313551,-0.21985039691113273
ELF1,11,3,14.33251603814809,14.780706620606034,1.0914492589683928,-0.4106380381636453
ELF1,11,4,13.341755466400894,13.907528308074575,1.1741319815414881,-0.48186477378027986
ELF1,11,5,12.825126006438644,13.656428572361236,1.098774302853008,-0.7565726316715669
ELF1,11,6,12.476691677128812,13.63002810634282,1.1565439751223192,-0.9972266113720646
ELF1,11,7,11.956880483942731,13.485922131782065,1.3697738855291055,-1.1162730316242724
ELF1,11,8,11.482256326459456,13.11024193861383,1.7279777816064241,-0.9421334171559245
ELF1,11,9,10.025486167459055,11.989755986292069,1.8081127189992787,-1.0863646929712225
ELF1,11,10,7.891062409575973,9.741184873480705,2.2031886440414237,-0.839747639816696
ELF1,11,11,5.944106683678205,9.416511159876611,2.9818316918363976,-1.1645206151994056
EOMES,14,0,18.191375707220992,17.23644101870656,0.5366439498445523,1.7794567306517541
EOMES,14,1,16.50818989982544,15.454389383908577,0.8567292894784063,1.2300274180639212
EOMES,14,2,15.771505745956244,14.446386720166478,0.7804578467728353,1.6978739226840818
EOMES,14,3,15.635143713808086,15.313984951520132,0.8024373360146332,0.40022908690043496
EOMES,14,4,14.925926924369834,13.931728646774113,1.0545637012399611,0.9427579163086481
EOMES,14,5,14.535396279878478,13.453636145045767,1.0458996480061369,1.034286737637724
EOMES,14,6,14.487069178382821,13.435441185685097,1.3008796146836261,0.8083976263656654
EOMES,14,7,14.2024230692517,13.439514447925031,1.0185520114749345,0.7490129249481572
EOMES,14,8,14.09672156309933,13.147478842860911,1.0895655667175015,0.8712121135565716
EOMES,14,9,13.203608087550625,11.794438231697397,2.118628111164505,0.6651331814334691
EOMES,14,10,11.922327925529649,10.500591723311413,2.2513155293656646,0.6315135233926217
EOMES,14,11,9.92345070102493,7.72462175305521,2.4602141878399912,0.8937550880072919
ETS1,28,0,17.54722186597857,16.839927833487558,0.4708405522544422,1.5021943821627153
ETS1,28,1,15.876574025906406,14.81293685921996,0.6451223017197757,1.6487372454044569
ETS1,28,2,15.170582068441437,14.450428625398379,0.585189661955843,1.2306325450728812
ETS1,28,3,15.187000554936114,14.122552019365207,0.7522282307697803,1.4150606053187096
ETS1,28,4,14.599412899490975,13.420152736120674,0.9952392437775719,1.1849011890791725
ETS1,28,5,14.25980505743903,13.123987931851607,0.6861469511306746,1.6553554944983055
ETS1,28,6,14.130953600319211,12.778863069446233,1.2075254320629016,1.1197201276027002
ETS1,28,7,13.940580631177523,13.16124887712219,0.9760198704590752,0.7984793933434682
ETS1,28,8,13.85728275157609,12.833057650289785,1.1376887401157356,0.9002682941048639
ETS1,28,9,12.950834912974623,11.841214790952746,1.0595068007741808,1.0472987254174093
ETS1,28,10,11.636947245383675,10.500620555238184,1.5908015577624572,0.7143107728306428
ETS1,28,11,9.594351613907019,8.590838315731384,1.4260191443146066,0.7037165680254299
FLI1,21,0,17.797802983747868,17.445285877598128,0.3965686759094566,0.8889181812993873
FLI1,21,1,16.151515505313203,15.664453442255754,0.5687319548362474,0.8564000297779762
FLI1,21,2,15.381660630280177,14.719165509984544,0.7730357700741692,0.8570044827706608
FLI1,21,3,15.292741836318449,14.814405264668343,0.5206220794677878,0.918778881101414
FLI1,21,4,14.575239632577926,13.938833540615505,0.8826746269268635,0.7209973783636946
FLI1,21,5,14.193071219843677,13.768466739423314,0.9508235736217505,0.4465649487454509
FLI1,21,6,14.070416918852938,13.22701453448146,0.7982377703635658,1.0565804020866383
FLI1,21,7,13.849966762909004,13.06056948841793,1.0691348246654042,0.7383514747432568
FLI1,21,8,13.72026622615855,12.794922776022236,1.3864523867354976,0.6674181233984543
FLI1,21,9,12.844382951018996,12.404483534757393,1.2564878283225451,0.35010240954652494
FLI1,21,10,11.63432600789142,10.875808570433032,1.690806614586463,0.44861276914504317
FLI1,21,11,9.64404917375128,8.398938604788688,1.3524257543359124,0.9206498508112079
FOS,25,0,17.726569828557075,17.130381622346164,0.5699814003786946,1.0459783526529196
FOS,25,1,16.375758977928218,15.437724851828559,0.45866347602131224,2.0451467691228853
FOS,25,2,15.856856338201402,14.649437100175238,0.676244938685516,1.7854761920631061
FOS,25,3,15.902632076573918,14.174386414278848,0.8288501341437557,2.08511236362462
FOS,25,4,15.489434372889804,13.89914240053248,0.6804614287971898,2.337078789562527
FOS,25,5,15.214709550225319,13.429307725814379,0.7708671529834229,2.316095344705048
FOS,25,6,15.249041123410812,13.193492513078496,0.9483666861640042,2.1674618481662304
FOS,25,7,15.249843110670138,12.909088950140255,1.0959043682002918,2.1359109685582327
FOS,25,8,15.367318297937794,12.696669850565888,1.2319867802550069,2.1677573900745215
FOS,25,9,14.937675248909958,12.634095956678312,1.0155810287211522,2.26823781370983
FOS,25,10,14.296991698747279,10.51401692069776,1.6041740753235372,2.3582071523544297
FOS,25,11,12.255408963857779,8.01491149081512,1.133146256043015,3.7422331410692027
FOSB,13,0,17.966131253591623,17.498044811433903,0.5705845648346652,0.8203629593333887
FOSB,13,1,16.259097683083276,15.652430421862444,0.6722251181918164,0.9024763353869822
FOSB,13,2,15.648796452278606,14.713359068539996,0.8874591071084517,1.0540625210174288
FOSB,13,3,15.619719260093715,14.545427521906124,1.1450030755051395,0.9382435394015407
FOSB,13,4,14.971650686060544,13.80825748693261,1.292672608472695,0.8999906020306989
FOSB,13,5,14.615379089262742,13.815650637218862,1.4522188564595637,0.5506941660250696
FOSB,13,6,14.408902794659088,13.433208585569293,1.0511754500377393,0.9281934895404623
FOSB,13,7,14.176217519985263,13.134472784431074,1.2280171945138911,0.848314453745546
FOSB,13,8,14.182855798460263,13.333731065053323,1.5388777739436814,0.5517817904607776
FOSB,13,9,13.387033166364937,12.778350056206618,1.540382754664829,0.3951505613231576
FOSB,13,10,12.16890982421639,9.896187420115648,2.189386075774258,1.038063788405621
FOSB,13,11,10.11948103750367,9.126701883527758,1.7087359116284324,0.5810021005702333
FOXP3,18,0,17.551713751064813,17.43348897246287,0.3563392373245024,0.33177592086015384
FOXP3,18,1,15.551209163811233,15.50370285192552,0.5295069267298387,0.08971801781537847
FOXP3,18,2,14.631575839008315,14.891841650151026,0.7237252341682674,-0.35961964410681097
FOXP3,18,3,14.512160019694958,14.753840199807954,0.6454137593991818,-0.3744577437239273
FOXP3,18,4,13.681952046911897,13.982455778635961,1.0621691199810168,-0.28291514606396595
FOXP3,18,5,13.238672731224975,13.472519438280003,0.71089561217822,-0.3289466175469976
FOXP3,18,6,13.012865381025614,13.664437903353019,0.9382081991563596,-0.6944860670726399
FOXP3,18,7,12.662178649678758,12.96072946098467,1.1672990559749978,-0.2557620600973967
FOXP3,18,8,12.475919870720887,12.504476749340448,1.2781164717074531,-0.02234293920131677
FOXP3,18,9,11.167683449211419,12.447191366362146,1.72301637002301,-0.7425976557225863
FOXP3,18,10,9.367596832280528,10.679054042463688,1.7960294223376425,-0.7301980657289113
FOXP3,18,11,7.445470482396018,7.882720886148209,1.7141279821084168,-0.255086206115347
GATA3,24,0,17.560686405472676,17.34423463622376,0.5160787784575482,0.41941614010141137
GATA3,24,1,15.841334500402407,15.33997305919882,0.6120209592560886,0.819189986259607
GATA3,24,2,15.093232797179954,14.824669965400172,0.5701058703737009,0.47107536641175235
GATA3,24,3,15.016791168962966,14.707765783315676,0.6777184529983208,0.4559790046738714
GATA3,24,4,14.296534052488177,14.088014152210604,0.8579865923909945,0.2430339845946537
GATA3,24,5,13.928397926822498,13.247920215086925,1.2064875374140516,0.5640155332180956
GATA3,24,6,13.766370560540038,12.855994088603149,0.8642534324075976,1.053367493607522
GATA3,24,7,13.588526190376149,12.927114088538497,1.0604882350696094,0.623686411565176
GATA3,24,8,13.512777517935076,12.976854793658038,0.7874155790488391,0.6806097549205301
GATA3,24,9,12.559813094677496,11.434801557982324,1.09053051205482,1.0316185785351222
GATA3,24,10,11.219578910501768,10.696889376400529,1.6059127138456284,0.3254781717554071
GATA3,24,11,9.23882508826324,8.755611699110535,1.5105619408150688,0.3198898211959276
GBX2,17,0,17.434144396274924,17.608534150631836,0.397731441387234,-0.43846107249822774
GBX2,17,1,15.800439020555453,15.476178916954433,0.6486819990540299,0.49987529185931945
GBX2,17,2,15.214599390297401,14.901129673581258,0.75973062367099,0.41260639883314143
GBX2,17,3,15.214141314063,14.80702696277525,0.796804528526906,0.5109337820160267
GBX2,17,4,14.613594675313012,13.786736771996411,0.8521442326605394,0.9703262330779491
GBX2,17,5,14.251627788537295,13.215935019175655,1.2301293891003637,0.841938074594802
GBX2,17,6,14.155348620801314,13.430677742115012,1.24968612462694,0.5798823115705418
GBX2,17,7,14.036745650433808,12.981510099048387,1.0340000960968116,1.0205371888926988
GBX2,17,8,14.039327479171659,12.844485557938984,1.2350977189294132,0.967406791317182
GBX2,17,9,13.350768425787773,11.569305365764128,1.8042431588513161,0.9873741525825299
GBX2,17,10,12.30956888010489,10.488579934070744,1.9063308184324002,0.9552323911605064
GBX2,17,11,10.333743454909044,8.133279644085096,1.944559431177419,1.1316001843623673
HDAC9,20,0,17.490446782955555,17.498944877072354,0.3509141828018393,-0.024217015251270135
HDAC9,20,1,15.68614167738325,15.38984616504882,0.5333265239643986,0.5555611787914911
HDAC9,20,2,14.897320856804056,14.85712565511071,0.5732772188400356,0.07011477235163117
HDAC9,20,3,14.84109877321611,15.112831082648322,0.7533406313115655,-0.3607031111001218
HDAC9,20,4,14.068924611272713,14.440847694707537,0.7573659241067269,-0.49107448803362497
HDAC9,20,5,13.65194155156523,13.762736858099885,0.7545526988159915,-0.1468357434921507
HDAC9,20,6,13.570585600491643,13.575327616986147,0.8553591211095438,-0.005543889551738922
HDAC9,20,7,13.428887159987255,13.093454762795892,1.0729562178229848,0.3126244963396098
HDAC9,20,8,13.388160970400053,12.743199750402988,1.1155895557961093,0.5781348674753466
HDAC9,20,9,12.328551574543464,12.039581053508943,0.9422887278396055,0.3066687656309407
HDAC9,20,10,10.827653851878207,10.866896568152168,1.5502187907682672,-0.025314308217430817
HDAC9,20,11,8.824610112685644,8.533021557546203,1.7029838534667834,0.1712221490214666
HDGF,16,0,17.84703106468921,17.57715488108532,0.5632092016798402,0.4791757357638201
HDGF,16,1,16.24239372402063,15.710173893149664,0.7222611266861741,0.7368800717724606
HDGF,16,2,15.65235150231369,14.918316674007482,0.7821556135467121,0.9384767117859093
HDGF,16,3,15.619495155298697,14.55939687313248,0.7601864526497476,1.39452403876849
HDGF,16,4,14.969612939188785,14.095299308335168,0.9964149876325806,0.8774593334158205
HDGF,16,5,14.634569401254275,13.2705874224151,0.782098936290901,1.7440018334609317
HDGF,16,6,14.594081493481575,13.064380934633892,1.0601978261543727,1.442844458940578
HDGF,16,7,14.50362496078028,12.707075053878544,1.2494391749467888,1.4378850470878248
HDGF,16,8,14.577279133156654,12.700646926538587,1.2588068133820722,1.4908023905400274
HDGF,16,9,13.878610213177085,11.925952731151934,1.740089652324422,1.122159125201842
HDGF,16,10,12.86398654188963,11.290033849201162,1.8873026367707093,0.8339694238872035
HDGF,16,11,10.785226307705042,8.741166274235182,1.75045203350944,1.1677326738121308
HIF1A,29,0,16.45953440788579,16.40640276590991,0.44059958932230925,0.1205894042198343
HIF1A,29,1,14.707196826254203,14.748904976341516,0.6954578051566649,-0.05997222229451801
HIF1A,29,2,14.014384486961818,14.005440454930735,0.5101641943362867,0.017531673391385665
HIF1A,29,3,13.96577299324118,14.254833103782858,0.7756426466750383,-0.3726717603535564
HIF1A,29,4,13.220225495511823,13.23547923195105,0.9685470311620303,-0.015749092143647805
HIF1A,29,5,12.85820833366644,13.025747891580655,0.7464669257804653,-0.22444337736604414
HIF1A,29,6,12.739044923888189,13.378369759918112,0.7611102155437748,-0.839989824040343
HIF1A,29,7,12.56909962189836,13.135209925542833,1.0349684491009312,-0.5469831511639304
HIF1A,29,8,12.478135794703995,12.52083171520346,1.119875771212679,-0.03812558642395768
HIF1A,29,9,11.575559883769,11.29510462852825,1.034401584589332,0.2711280216687728
HIF1A,29,10,10.27432848806267,10.316491544473815,1.2259040121009748,-0.03439344026526583
HIF1A,29,11,8.405653953853786,8.535726211984574,1.0953803583983082,-0.1187462027537018
HIF3A,11,0,17.58401440554231,17.27539356440986,0.7427933445395399,0.41548681527802805
HIF3A,11,1,16.01897515502972,15.642006076577422,0.9515727346219469,0.3961537197701096
HIF3A,11,2,15.472922924835096,14.81757851925803,1.0108530797833493,0.648308264260839
HIF3A,11,3,15.495793747101562,14.691745549069902,1.1445033793596084,0.7025302087631708
HIF3A,11,4,14.873016296124888,14.276947303151086,1.1265109885526174,0.5291284319735335
HIF3A,11,5,14.530934035129132,13.497079768599146,1.3429796418984876,0.7698212499100056
HIF3A,11,6,14.531219506456607,13.008710650584609,1.319828705430206,1.1535654964980677
HIF3A,11,7,14.519139904723655,13.214252785078779,1.5858107188555717,0.8228517465101831
HIF3A,11,8,14.683783046603079,13.235687243006016,1.6901585065316378,0.856781064024989
HIF3A,11,9,13.942892925135288,11.479300773176652,2.091761334830581,1.177759675990077
HIF3A,11,10,12.875468461336188,10.004663723941702,2.3153494285244887,1.2399012874803848
HIF3A,11,11,10.810746504141822,7.500573324727426,1.9854911012450667,1.667181070385379
HIPK2,12,0,16.517598756406915,17.467332360974012,0.700991098298768,-1.3548440299341902
HIPK2,12,1,14.75579004581441,15.587318865917927,0.769096708007636,-1.0811758930260071
HIPK2,12,2,14.071258388745859,14.918537747670703,0.8618351018795533,-0.9831107564278073
HIPK2,12,3,13.984200484238032,14.545963519617862,1.0254221246561166,-0.5478358832643887
HIPK2,12,4,13.179705849225906,14.075297262796468,1.1147542202001732,-0.803398092011478
HIPK2,12,5,12.76094490009415,13.412002360410117,0.8647958887170787,-0.7528452306610842
HIPK2,12,6,12.623498191028098,13.181612977111104,1.3100966935871468,-0.42601037680268067
HIPK2,12,7,12.442864630428009,12.973243871388831,1.4798690541824717,-0.3583960617744127
HIPK2,12,8,12.26722327690319,13.120025800509833,1.7027155583121367,-0.500848494302834
HIPK2,12,9,11.20557502531664,11.957092461905653,1.4277178970618243,-0.5263767009824554
HIPK2,12,10,9.704872254151743,10.080763823335229,2.3166117558965134,-0.16225919955155277
HIPK2,12,11,7.835512768632591,8.51418867126426,2.091664157910138,-0.32446695616267546
HOPX,17,0,18.23416417909906,17.4712831957655,0.48099503282395606,1.5860475291285878
HOPX,17,1,16.28687200145361,15.563840942208113,0.6394839181407151,1.1306477594427902
HOPX,17,2,15.509514074637968,14.827242478066722,0.746190523343486,0.9143396695982735
HOPX,17,3,15.42904419803962,14.954258518423035,0.6170238628820044,0.7694770140638452
HOPX,17,4,14.665192960573652,14.173555992333812,1.0182210713664173,0.48283912213688557
HOPX,17,5,14.293325292835831,13.755556979815822,0.8484461642638923,0.6338272664436816
HOPX,17,6,14.09916222570881,13.274460755092736,0.8688063938016856,0.9492350384386333
HOPX,17,7,13.83671399767583,13.227533530516855,0.9258149451605299,0.6579937711562296
HOPX,17,8,13.64667134233257,13.024008422528581,1.1622496388936645,0.5357393962253213
HOPX,17,9,12.633212378066672,11.925634308325355,0.8483601305581248,0.8340538932160926
HOPX,17,10,11.156714703195084,10.427498444645837,1.5445303895325704,0.47212813907140644
HOPX,17,11,9.115460921088918,8.010672015197661,1.9548775610730158,0.5651448090103643
IRF4,18,0,17.518170270512208,17.49897003504129,0.44901387625855677,0.042760895567206816
IRF4,18,1,15.844625485275769,15.65892495503563,0.5470722797904645,0.3394442326912712
IRF4,18,2,15.26609577083004,14.814172384665081,0.7685350805748455,0.5880322155586325
IRF4,18,3,15.279411930192568,14.931057218509318,0.5895859669644146,0.5908463416739959
IRF4,18,4,14.662164917981716,13.93494214925067,0.7282937538271278,0.9985294600009218
IRF4,18,5,14.299113578621277,13.85227847908023,0.7187131571897319,0.6217154856163127
IRF4,18,6,14.173499137992485,13.678398811439308,0.8845926469331109,0.559693016067557
IRF4,18,7,13.973274528021722,13.38685260150099,0.8717883813865623,0.6726654530403803
IRF4,18,8,13.93240619727558,13.119222789575721,1.2759426543633585,0.6373197141101945
IRF4,18,9,13.1557137140867,12.480764870273765,1.5856245845065742,0.42566749431610895
IRF4,18,10,12.05163176829542,11.272843191876936,1.6404892463572986,0.4747294614382768
IRF4,18,11,10.085543322361962,8.770212385719287,1.9991846433832186,0.6579336936165847
IRF8,19,0,17.50318818697511,17.450152324157912,0.4190643427363386,0.12655780367972075
IRF8,19,1,15.635063852095689,15.51011300598268,0.49060792182614066,0.25468574915773295
IRF8,19,2,14.797126783533093,15.01818712617,0.4867528396694691,-0.4541531648526561
IRF8,19,3,14.659999449009945,15.087876316123916,0.622872844631995,-0.6869409556083135
IRF8,19,4,13.972020652388737,13.707335517725308,0.813717992507691,0.32527870478534027
IRF8,19,5,13.508141895000719,13.8817105392533,0.8664768267227831,-0.4311351818438171
IRF8,19,6,13.289013550291457,13.670729399597866,1.0480143492024154,-0.3642276936350256
IRF8,19,7,12.820370182654841,13.444437019722685,0.937100677143194,-0.6659549526421724
IRF8,19,8,12.53028269056541,13.577969063719937,0.8233818436254604,-1.2724186005139768
IRF8,19,9,11.557012155353828,11.966459749605658,1.1643537241233244,-0.35165223915104926
IRF8,19,10,10.122929362989385,10.5686576780316,1.5256454739358551,-0.29215720339819634
IRF8,19,11,8.300395850497774,7.927603613022038,1.7120058274517993,0.21775173395911313
JARID2,16,0,17.854525482833164,17.51603907244188,0.4736163335422576,0.7146848333115656
JARID2,16,1,15.62886937258412,15.547665894185826,0.6375489438942644,0.12736822666866676
JARID2,16,2,14.705295335378576,14.701544150810074,0.9118516644052584,0.004113810080007642
JARID2,16,3,14.586868292399,14.491389409006814,1.0863130394936553,0.08789260546544665
JARID2,16,4,13.59402184820656,13.963675950803822,1.0922379339136354,-0.33843734146161786
JARID2,16,5,13.19418710679397,13.610324042421558,1.084652987993301,-0.38365905062178085
JARID2,16,6,12.996536513457897,13.507195208559313,1.1478203123146622,-0.4448942832102665
JARID2,16,7,12.7836258237871,12.988475506189994,1.161743553989237,-0.17632951928114793
JARID2,16,8,12.718387852218434,12.910881138611355,1.3156858523997224,-0.1463064196075575
JARID2,16,9,11.43197636307487,11.181852591172412,1.6512538691602365,0.15147505575848366
JARID2,16,10,9.683931326654772,9.738801787076039,1.5964090259979284,-0.03437117901971687
JARID2,16,11,7.641323824144321,8.398136856704863,1.7862901080526299,-0.4236786785913522
JUN,39,0,16.183021129088342,15.580062764014462,0.4584833727445374,1.315115009437523
JUN,39,1,14.73286509071268,13.986734241793476,0.4985241286651153,1.4966795106128539
JUN,39,2,14.153341973890925,13.400800369006962,0.440525885440082,1.7082801028415824
JUN,39,3,14.164496940201913,13.414092374508698,0.5959669175392589,1.2591379548241153
JUN,39,4,13.662604195067706,12.818570583134354,0.6056292008039307,1.393647483993433
JUN,39,5,13.36783585854829,12.37222749802795,0.6832547699555747,1.4571553749783177
JUN,39,6,13.405574572092545,12.466062982353092,0.7765071177573664,1.2099201259775452
JUN,39,7,13.285350867832864,12.303891628271447,0.6575747009373287,1.4925440990391092
JUN,39,8,13.366424968003784,12.504102354471328,0.891415273839504,0.9673635160167939
JUN,39,9,12.680930577243375,11.290749062632221,0.9241945335156978,1.5042087614636828
JUN,39,10,11.604455175453305,10.26382770110781,0.9068555607592051,1.478325250851573
JUN,39,11,9.68368398796602,8.282996351680044,1.109570227823721,1.262369520344147
JUNB,10,0,18.65171589471404,17.45715996621727,0.7577582817270284,1.5764340124059428
JUNB,10,1,16.529090399960918,15.9068697759437,0.7677851474057079,0.8104098211845551
JUNB,10,2,15.711300713634937,14.707282253694121,0.8413658375807955,1.1933197369026782
JUNB,10,3,15.531719332063231,14.733459603899288,0.9638055866602872,0.8282372910184282
JUNB,10,4,14.767549964352936,14.49418645074789,1.329639426799819,0.20559221402074287
JUNB,10,5,14.292536493719771,13.82099566654711,1.4798855077965063,0.3186333163534838
JUNB,10,6,14.05670457195754,13.69334729219029,1.510824177104463,0.2405026906993469
JUNB,10,7,13.72704544159504,13.146491412855704,1.498805606068255,0.3873444470642695
JUNB,10,8,13.501192694688879,13.24143580374854,1.3796546926939357,0.18827674222825452
JUNB,10,9,12.368420974895162,12.024993626267177,2.1583726262904146,0.15911402157570556
JUNB,10,10,10.869408989963127,9.77318388039728,2.782305106605651,0.39399888494012664
JUNB,10,11,8.887484001598,9.76174111289974,2.3232375399841705,-0.37630982465430385
KLF14,12,0,17.20251630831447,17.31544646565069,0.4783388783088142,-0.2360881844592931
KLF14,12,1,15.293049578751624,15.505061439391671,0.8562189105177579,-0.2476140833094221
KLF14,12,2,14.482816451603147,14.929895714000258,0.9124216390140488,-0.48999195468469914
KLF14,12,3,14.37729125051086,15.350859046660002,0.7356746674058621,-1.3233672970990553
KLF14,12,4,13.514620686563228,14.391256189805267,0.7981540009805896,-1.0983287713461671
KLF14,12,5,13.059757352117483,13.680833574910414,1.1984190278747742,-0.5182462964513519
KLF14,12,6,12.811892870061577,13.658416259408009,1.1146073641699852,-0.759481245646365
KLF14,12,7,12.461099604190453,13.181177230824304,1.3662563740799496,-0.5270442943907638
KLF14,12,8,12.168204656551346,13.065328312017154,1.2705618012584117,-0.7060842334290734
KLF14,12,9,11.10980937543282,11.827374662951765,2.1729806145226642,-0.3302216700522994
KLF14,12,10,9.631099542373274,10.807329975166365,2.056358501004401,-0.5719967759603087
KLF14,12,11,7.798288256732979,8.576674713734139,2.214491886192586,-0.35149663986326585
KLF2,21,0,17.939246963897435,17.503237311826677,0.300808898411319,1.4494572945597148
KLF2,21,1,16.081148926282943,15.590526868750445,0.49261017546434027,0.9959641151749083
KLF2,21,2,15.317329732837706,14.983353861780312,0.6650767806283095,0.5021613756262564
KLF2,21,3,15.224475619458582,14.916175180576484,0.736924150613051,0.41836115511429645
KLF2,21,4,14.40898008980582,14.046849443522694,0.691538920574619,0.5236590964138661
KLF2,21,5,14.006083332945598,13.625582725437374,0.9326398735968794,0.4079823501870678
KLF2,21,6,13.807257296283574,13.32464946198248,1.0793944668135809,0.44710979084946856
KLF2,21,7,13.553894724598312,13.279897433037217,0.9298775832384429,0.2946595299209782
KLF2,21,8,13.36718459015555,13.676715232666883,1.1733260240813428,-0.2638061682418414
KLF2,21,9,12.231953105907902,12.497088246061336,1.300975661356407,-0.2037971562642476
KLF2,21,10,10.64159852034773,10.857825695934046,1.5246813183089059,-0.14181794778343876
KLF2,21,11,8.647597472055303,8.568276847482647,1.5815554103666152,0.05015355393350956
KLF6,30,0,16.152914727532007,16.4786843855887,0.6226666656907811,-0.5231846764998842
KLF6,30,1,14.337114110125357,14.99943262171615,0.5973221193259552,-1.1088129673452936
KLF6,30,2,13.564497644714272,14.319986588996864,0.6150749045249786,-1.228287707276977
KLF6,30,3,13.488267379492486,13.868771622589154,0.8061570444307186,-0.47199766562279166
KLF6,30,4,12.705799000939667,13.710883761090406,0.7289071316529854,-1.3788927512225726
KLF6,30,5,12.334288073036044,13.02363277626824,0.8363381617762528,-0.8242415983603268
KLF6,30,6,12.221825543401591,13.038783489371564,0.8120565194144692,-1.0060358194760113
KLF6,30,7,11.985528305973936,12.662257153300391,0.7548858248137561,-0.8964651674223929
KLF6,30,8,11.789746698059767,12.787747101006111,0.7865680956008639,-1.268803563897371
KLF6,30,9,10.744528616176238,11.568914280945233,1.1611470038086265,-0.709975276226838
KLF6,30,10,9.219576310722712,10.859602198382268,1.4246174476109577,-1.151204409583662
KLF6,30,11,7.400319695868462,8.205182161622934,1.5670832203647769,-0.5136054392613054
LEF1,22,0,17.46029768276559,17.407288469913663,0.5575262206350952,0.09507931804811137
LEF1,22,1,15.501591115514628,15.357293538266163,0.47347265610468403,0.3047643309238155
LEF1,22,2,14.6866238096568,14.803561010823008,0.5612386970955091,-0.20835555668448363
LEF1,22,3,14.61672604620206,14.794034614703316,0.5548973899001087,-0.31953397462037736
LEF1,22,4,13.857292532106682,14.301310832572629,0.779371840101355,-0.569713040194272
LEF1,22,5,13.404867269312478,13.951575234381597,0.8433712373752023,-0.64824117878459
LEF1,22,6,13.281203159859992,13.763644224535813,0.7837342741645923,-0.6155671387347086
LEF1,22,7,13.039948495549696,12.827640164438534,0.9047140623810274,0.23466898541668346
LEF1,22,8,12.858642179934158,13.327488635839085,1.032410535952047,-0.45412792641889893
LEF1,22,9,11.762895376249041,12.097906586394293,1.2970509326427604,-0.25828685806706275
LEF1,22,10,10.215727355330852,10.150862924211932,1.8511614634673734,0.03503985600338929
LEF1,22,11,8.257239293677914,8.644544241393557,1.2335864029708001,-0.31396661537684845
LRRFIP1,13,0,16.746457421676293,17.589577827396578,0.5766492507507536,-1.4621026640069437
LRRFIP1,13,1,15.061232812563897,15.343042338947885,0.7245834499492968,-0.38892625328898656
LRRFIP1,13,2,14.297889077073046,15.031519852537533,0.7095903705626991,-1.0338792716179677
LRRFIP1,13,3,14.245768072200107,14.467120242138446,0.934864597140325,-0.23677457742590408
LRRFIP1,13,4,13.46999508787584,14.196554290909484,1.0014175135340013,-0.725530753371405
LRRFIP1,13,5,13.120882027619452,13.449110771885847,1.2752871258005334,-0.25737634892248834
LRRFIP1,13,6,13.02958045356998,13.69652399745235,1.0412162743325513,-0.6405427578529713
LRRFIP1,13,7,12.883166030863409,13.052405303201326,1.3317962031314565,-0.1270759534679435
LRRFIP1,13,8,12.872970207751662,12.647561381624428,1.4530230019095685,0.1551309413760146
LRRFIP1,13,9,11.786370313515858,12.197631638133199,1.957833518123335,-0.21005939514793462
LRRFIP1,13,10,10.134052553820055,11.280171357825422,2.3874907001713,-0.4800516307448376
LRRFIP1,13,11,8.066670843016805,8.137596268469817,2.2812275372450754,-0.031090903601253814
MAFA,12,0,18.169881671376345,17.545698201873538,0.6447384713059044,0.9681188532747799
MAFA,12,1,16.75008527103399,15.791470458472876,0.6952483773204031,1.3788091332996204
MAFA,12,2,16.21986933486876,14.925240233025786,0.9394149990856321,1.3781226647467697
MAFA,12,3,16.192005765970503,14.888603630382292,1.028312266932429,1.2675158874418624
MAFA,12,4,15.729554884460288,14.153373966551944,0.9131644019176128,1.726064785922907
MAFA,12,5,15.485786481517819,13.529348412589362,1.0276653448492208,1.9037696257194554
MAFA,12,6,15.523913496367685,13.168756776549753,1.1967747542960236,1.9679197872145133
MAFA,12,7,15.425004025827818,13.169572193801395,1.4094621312540243,1.6002074706467804
MAFA,12,8,15.529999617708757,13.111774570768944,1.6445855104066545,1.4704161210455162
MAFA,12,9,14.999109501858912,12.625607036217781,1.739445050060341,1.3645170714411443
MAFA,12,10,14.233719112951116,10.378698573488942,2.5064183638425193,1.5380594856287881
MAFA,12,11,12.210526541341745,8.435073529706779,2.2672910311084884,1.6651823519052735
MEF2C,12,0,16.03788108712698,17.347858612893038,0.5923400047534898,-2.2115297215342102
MEF2C,12,1,14.051672213361813,15.348322010495044,0.7691999904826268,-1.6857121856172426
MEF2C,12,2,13.120430470975165,14.412919022482622,0.8900078425843524,-1.452221530716409
MEF2C,12,3,12.973017602471494,14.712714410891488,0.9299178344444436,-1.8708070153954335
MEF2C,12,4,12.006341440958998,13.510820490630255,0.8736094157130545,-1.7221415229863066
MEF2C,12,5,11.499732204708854,13.56450739734792,1.295488762560786,-1.5938194543329236
MEF2C,12,6,11.287663067102748,13.758633475293186,1.3394070742245345,-1.8448240686059052
MEF2C,12,7,10.988536442189044,13.162785492212251,1.3899780663339838,-1.564232632647009
MEF2C,12,8,10.834503058101763,13.168935383888336,1.3157640249293638,-1.774202882550992
MEF2C,12,9,9.313807703607152,11.935851194908754,2.041112128870961,-1.2846151145806881
MEF2C,12,10,7.164533530182246,10.760116850006487,1.8148266463747282,-1.9812268720027482
MEF2C,12,11,5.305096481147272,8.520607132399402,2.430118637108601,-1.3231908114074635
MYBL1,11,0,16.60576232086485,17.621550629034136,0.6241382432019221,-1.6275053151015697
MYBL1,11,1,14.428237949004354,15.565748330796719,0.9447753066848968,-1.2040009658844206
MYBL1,11,2,13.3792465290155,14.876135967887183,0.7619453358634283,-1.9645627690278127
MYBL1,11,3,13.180804519264287,14.836450759538433,0.9777406479014761,-1.6933388663217168
MYBL1,11,4,12.201048627617729,14.353276279117205,1.054628589247836,-2.0407446502417037
MYBL1,11,5,11.770615267296659,13.193094813363734,1.3286412918091763,-1.0706272301157536
MYBL1,11,6,11.474711287953669,13.460598139636952,1.242231166984166,-1.598645167231258
MYBL1,11,7,11.05752735894981,13.189347515015706,1.1401353774998717,-1.8697956384272756
MYBL1,11,8,10.837208677646867,13.747123116941154,1.5357978958583978,-1.8947248509335008
MYBL1,11,9,9.318383826443435,12.342986783876087,1.8716253410293173,-1.616030137617844
MYBL1,11,10,7.26765097583879,10.344938193351947,2.866648780371733,-1.0734789830493672
MYBL1,11,11,5.314805918502355,7.838047628841721,2.044338053942468,-1.2342585442135372
NCOA3,16,0,17.694720260805344,17.49599665206348,0.6149300713126604,0.32316456457831017
NCOA3,16,1,16.112646125151816,15.69836361730952,0.5638164998127253,0.7347825187448441
NCOA3,16,2,15.49530771132701,14.940062027806594,0.6430539065284429,0.8634512252914173
NCOA3,16,3,15.54267723299749,14.665400025127107,0.8377032673637328,1.047241000540906
NCOA3,16,4,14.997019837995,13.962306822575822,1.2410304926586067,0.8337530959473489
NCOA3,16,5,14.731354519344825,13.55414378462871,0.9468530454906076,1.2432876889635476
NCOA3,16,6,14.744249632186902,13.51510182300694,1.063458333678656,1.1558025079630168
NCOA3,16,7,14.663368991362615,12.880354021158757,1.269509348012524,1.4044914068535623
NCOA3,16,8,14.664585678961863,12.78732682530145,1.3139119862188828,1.4287554062602812
NCOA3,16,9,13.958156765605858,12.302426664302804,1.444932890627629,1.145887197974892
NCOA3,16,10,12.920517702883103,10.042558386076248,2.013766560764351,1.4291424700758208
NCOA3,16,11,10.836843511056008,7.894736395817968,1.7265308291166035,1.7040570985595425
NEAT1,16,0,17.474648038307972,17.326120601628123,0.6428493478368926,0.2310454808418573
NEAT1,16,1,16.223591550516268,15.635619130462553,0.5708451486526915,1.0300033580760866
NEAT1,16,2,15.835785625173525,14.91861604791018,0.7299735104016829,1.256442273855462
NEAT1,16,3,15.86730222879123,14.977920059460596,0.6989574341491459,1.272441104247351
NEAT1,16,4,15.480693125363825,13.904829648666379,0.899263039982545,1.7523943569703855
NEAT1,16,5,15.253269303400847,12.9742871144379,1.2451755816439003,1.8302496632275744
NEAT1,16,6,15.325762714943775,13.32709385060896,0.9235092171892859,2.1642110626873787
NEAT1,16,7,15.330848755939364,13.027563363957091,1.1443198415079403,2.0127986148934487
NEAT1,16,8,15.515220403643752,13.16787820804893,1.42416590253445,1.6482224377212555
NEAT1,16,9,15.142250386586356,12.456378090562605,1.2514056391388984,2.1462843158289746
NEAT1,16,10,14.573378032178702,10.483421510777863,2.497719143549849,1.6374765481390536
NEAT1,16,11,12.587536101740495,8.618369978034337,1.8436879104948516,2.152840565429982
NFATC2,14,0,18.114559550853492,17.42218158760989,0.5393399727605817,1.2837505065676902
NFATC2,14,1,16.686767744432625,15.68240681166389,0.8481836941938034,1.1841313852695294
NFATC2,14,2,16.071569593266933,14.946517660231928,0.7675660035410099,1.4657396599703558
NFATC2,14,3,16.083066997231008,14.603598010134055,0.8342539286854308,1.773403679894219
NFATC2,14,4,15.566116832916958,13.597971104361287,0.9473753175835555,2.077472034605848
NFATC2,14,5,15.227956228179085,13.406986975693343,1.0412783162417871,1.7487824571801698
NFATC2,14,6,15.128842314716284,13.682019752862013,1.032626863722048,1.4011087767359418
NFATC2,14,7,15.011075005491668,12.94848338605019,1.2755460328710593,1.6170264077407683
NFATC2,14,8,15.030733140236338,13.66799052211977,1.2790438932024504,1.0654385086852294
NFATC2,14,9,14.355959170841324,12.252999534507438,1.684835089976876,1.248169419573727
NFATC2,14,10,13.456389848420534,9.514253452786836,1.9114635264691953,2.0623654812370433
NFATC2,14,11,11.429640690441502,9.105253465325106,2.2021034461242732,1.0555304425899446
NFIB,12,0,17.506494844048543,17.48703913983762,0.5681491717637425,0.034244006992961935
NFIB,12,1,15.596161822637137,15.503274669911885,0.9562194564722682,0.09713999448195293
NFIB,12,2,14.773833598806847,14.544634643557126,0.7534790799440165,0.3041875499273992
NFIB,12,3,14.643121749021862,14.94457699193652,1.0397143113751168,-0.28994045731269774
NFIB,12,4,13.845466746878833,13.867919141646334,1.0248677076495276,-0.021907602903202924
NFIB,12,5,13.458448903940567,13.804892992237594,1.1162534722518784,-0.31036327940653674
NFIB,12,6,13.275407262607544,13.680611190192783,1.101366975973324,-0.3679100031369139
NFIB,12,7,12.94007993505847,12.902821075825525,1.4648575590336221,0.025435141460119614
NFIB,12,8,12.736315999485454,13.713023115975824,1.4702775758739557,-0.6643011717769012
NFIB,12,9,11.594712225933975,11.740042869123485,1.6623189120553274,-0.08742645116743578
NFIB,12,10,10.048322196014528,11.140051138105088,2.389418986303306,-0.45690142597367767
NFIB,12,11,8.179635024832884,8.467206386578265,2.266354941796969,-0.12688716866095545
NR3C2,26,0,17.900103776774184,17.039588233306215,0.4969024450485631,1.7317595275343616
NR3C2,26,1,16.344673681869114,15.281380285592977,0.5993253040715572,1.7741506808615974
NR3C2,26,2,15.79246034662553,14.352629870066304,0.587946153558344,2.4489155475295528
NR3C2,26,3,15.836714497937717,14.564410784661707,0.7352291793020177,1.7304858799046283
NR3C2,26,4,15.333183445911994,13.63827073114276,1.0627106108386752,1.5948958234562416
NR3C2,26,5,15.034440663226594,13.236884563036876,0.9777954085639312,1.8383764992614897
NR3C2,26,6,14.981570191970219,13.081915686467422,1.0062160046323128,1.8879191910657003
NR3C2,26,7,14.976340961997513,13.356803244053996,0.7862811520911581,2.059743787112622
NR3C2,26,8,15.058744822505203,12.61482281410081,0.9839194913013527,2.4838638018767263
NR3C2,26,9,14.449797305714766,11.869124144629902,1.2373874775941511,2.0855820895346855
NR3C2,26,10,13.583523851486929,9.942627041807999,1.7280805358512088,2.106902273443822
NR3C2,26,11,11.51792978016669,8.001941526358536,1.594218783736909,2.2054615650472664
NR4A2,15,0,17.960278020882793,17.70558864344838,0.35940134675242136,0.7086489233716193
NR4A2,15,1,16.379095540954157,15.83726733236114,0.6186509846603813,0.8758221065314603
NR4A2,15,2,15.835466287308783,14.636034580743214,0.7860297155720515,1.525936847937937
NR4A2,15,3,15.89034450778687,14.845778422556009,0.7217016418152613,1.447365538207054
NR4A2,15,4,15.368551669951263,14.10647402561209,0.8074900464069742,1.5629637169584205
NR4A2,15,5,15.002921619900006,13.726138499627627,1.089077353298382,1.172353016436813
NR4A2,15,6,15.010931910484295,13.351991098155622,1.19429857412272,1.3890503164564685
NR4A2,15,7,14.931988739610244,13.292326784392142,1.2046330393232596,1.3611298226879396
NR4A2,15,8,15.062801637083686,13.171716469720499,1.130708379313851,1.6724782463456722
NR4A2,15,9,14.354349740459114,12.382037216810412,1.535714967093395,1.2842959571994292
NR4A2,15,10,13.332440269672983,10.517476776918752,1.6972052245428402,1.6585875721143095
NR4A2,15,11,11.185454237557648,8.144108221953076,2.254982989259698,1.3487223762175848
PAX5,23,0,17.55518458315344,17.094245501647098,0.37161820167377424,1.2403565794954765
PAX5,23,1,15.62616371471996,15.457486288829031,0.6974838753425702,0.2418370257062679
PAX5,23,2,14.83228376015438,14.555530500269626,0.642280684131673,0.43089145714993676
PAX5,23,3,14.764727497516162,14.66829596683615,0.8467680315360857,0.11388187447875239
PAX5,23,4,13.921393713204258,14.129401277833912,0.7694391598530734,-0.2703365977231691
PAX5,23,5,13.474177102115409,13.499011535065781,0.8752188490425454,-0.02837511209629519
PAX5,23,6,13.253115048395024,13.291039435783881,0.9274897386378148,-0.040889279750475786
PAX5,23,7,13.008196700656367,13.453471463759797,0.9335400828706659,-0.476974445204534
PAX5,23,8,12.72891820575317,12.742589887879932,1.478190632347625,-0.009248930298691989
PAX5,23,9,11.640125888459512,11.937321279469563,1.4944436360490398,-0.19886691196716297
PAX5,23,10,10.146405456089582,10.512649328265296,0.9867793954651967,-0.37115070892117247
PAX5,23,11,8.226162637955227,8.97340521758521,1.2442452557820323,-0.60055891405455
PCBD1,19,0,17.73203668960235,17.611238282488944,0.3175965515532693,0.38035175924491693
PCBD1,19,1,16.098541671413425,15.50846800817036,0.6272716955119183,0.9406986915956812
PCBD1,19,2,15.444062294051367,14.877252175041388,0.553438794148382,1.0241604401479887
PCBD1,19,3,15.450391420450115,14.847551212816672,0.5620137290251355,1.0726432051386452
PCBD1,19,4,14.749912450383677,13.895553403157606,0.8874451244586374,0.9627176077475776
PCBD1,19,5,14.41291601693959,13.732149023363155,0.8276215299639387,0.8225583421036643
PCBD1,19,6,14.277406752032789,13.68994202442874,0.702740493450441,0.835962539627693
PCBD1,19,7,14.13349124810107,13.112017413830639,1.236249911757454,0.8262680745661715
PCBD1,19,8,14.125666403718396,13.370984066143716,1.2523383926605804,0.6026185430372097
PCBD1,19,9,13.231103029482512,11.76876692138691,1.1031837256466128,1.325559899135095
PCBD1,19,10,12.012085149073199,10.65491018130746,1.8286267535245582,0.7421826051433802
PCBD1,19,11,9.993363082133632,8.08892933876557,1.7765131993801406,1.0720065260604619
POU1F1,17,0,17.699990603579046,17.427159199088532,0.5502136919339199,0.4958644404713956
POU1F1,17,1,15.841755829131383,15.64339062188373,0.611068924217741,0.324620021385623
POU1F1,17,2,15.087524704510171,14.928956508417068,0.5946760423908223,0.26664634992793607
POU1F1,17,3,15.134023893743588,14.845502100390885,0.7209516274401483,0.4001957723254549
POU1F1,17,4,14.335884507503954,14.111225854864916,0.9672112733615638,0.23227464239351936
POU1F1,17,5,13.884370914141114,13.601975102491377,0.8612350264258822,0.32789633838010174
POU1F1,17,6,13.661083553536871,13.464225704957604,0.9569130746470887,0.20572176699735076
POU1F1,17,7,13.449578563169805,13.105467021853963,1.1276181675339736,0.3051667232964071
POU1F1,17,8,13.261783889028028,13.237078369758033,1.3196428799975632,0.01872136745817217
POU1F1,17,9,12.245446936119194,11.550093394204577,1.5757209358446986,0.44129231648614103
POU1F1,17,10,10.82884290962367,11.048260453866867,2.2415797988514807,-0.09788522556976081
POU1F1,17,11,8.839187992571809,8.474292496320501,2.0711657080023063,0.17617880348321266
POU2AF1,19,0,17.193582410010023,17.571124986202094,0.47389723023967867,-0.7966760556948683
POU2AF1,19,1,15.516502858898424,15.312361568837849,0.5579539559001458,0.36587479648071297
POU2AF1,19,2,14.840544464759601,15.044466874422792,0.743526149716203,-0.2742639377794932
POU2AF1,19,3,14.831107013018825,14.667702965718728,0.7401570912619541,0.22076941399223143
POU2AF1,19,4,14.065774575026483,13.947667465338347,0.8410832791880822,0.14042261047223256
POU2AF1,19,5,13.68504764713515,13.503296874341848,0.8041142772542169,0.22602604870282966
POU2AF1,19,6,13.608562294001086,13.48938143755907,0.7590151679120882,0.15702038836702137
POU2AF1,19,7,13.436386479724376,13.440584730150926,1.3311067125408644,-0.003153954815940827
POU2AF1,19,8,13.37633501192855,13.08476996750188,1.1362880064429204,0.2565943165583495
POU2AF1,19,9,12.38982190834017,12.177306871652169,1.2689457050132142,0.167473703444064
POU2AF1,19,10,10.92182934771513,10.406772619221169,1.2271124275678325,0.41973067579049533
POU2AF1,19,11,8.921012394092154,8.391209389288209,1.6346447273417837,0.32410896137994266
POU2F2,15,0,16.950187171612427,17.54113637805594,0.40025751429297973,-1.4764225163576803
POU2F2,15,1,14.750211407644262,15.582972159136128,0.5752276457238353,-1.447706412726331
POU2F2,15,2,13.9172943784811,14.647503480928403,0.6805696826192789,-1.0729380416079932
POU2F2,15,3,13.820960036928787,14.715583356989494,0.6401019396421107,-1.3976263227086976
POU2F2,15,4,12.750142262746817,13.857462292848846,1.1610035971546628,-0.9537610674211525
POU2F2,15,5,12.219758871828587,13.65794996022052,0.9906836211727426,-1.4517158229480414
POU2F2,15,6,11.966239617136118,13.66514467579702,1.1811773775248962,-1.4383149313449268
POU2F2,15,7,11.621991696334987,12.52180769822466,1.0199434624554193,-0.8822214514944272
POU2F2,15,8,11.24668151183527,13.360653931898687,1.357092542705147,-1.557721639122378
POU2F2,15,9,9.67332726195295,12.522229934540205,1.6044352680568832,-1.775642015173061
POU2F2,15,10,7.574923026363539,10.863611966905744,2.23014459949921,-1.4746527831785867
POU2F2,15,11,5.698606196649438,8.403800088533604,1.8109244997383158,-1.4938192576637375
PRDM1,18,0,17.28712087773154,17.42315459673349,0.3653030312925556,-0.3723859572712035
PRDM1,18,1,15.27706107564437,15.435668929939292,0.5725023343875294,-0.2770431573254662
PRDM1,18,2,14.39605354532981,14.707071008658028,0.7160842678913443,-0.4343308145060529
PRDM1,18,3,14.30656530272917,14.870230970189757,0.799339762459812,-0.7051640540513282
PRDM1,18,4,13.485529548802695,14.062601112904762,0.9376995016423129,-0.615412040948478
PRDM1,18,5,13.008841039933733,13.549160779916132,0.7723119186408237,-0.6996133646795157
PRDM1,18,6,12.73575456154978,13.626364393648396,0.9457202941965919,-0.9417264677133822
PRDM1,18,7,12.442497278248931,12.822917205702879,0.956429750666609,-0.39774999385872767
PRDM1,18,8,12.168553899929096,12.649112021383939,1.2403886429357798,-0.3874254445908559
PRDM1,18,9,10.968963221694917,12.116714320200275,1.512130443831301,-0.7590291586202635
PRDM1,18,10,9.1638497059208,10.42247254231508,1.2909315555213043,-0.9749725545178292
PRDM1,18,11,7.199400644794705,8.325081428713398,1.6994423010559325,-0.6623824670124202
PTTG1,13,0,17.178872775394293,17.482023986022796,0.5637037142449962,-0.5377846605721451
PTTG1,13,1,15.397746444152045,15.521933914131534,0.8451008068960086,-0.14694988925122476
PTTG1,13,2,14.666432809998664,15.225525395150118,0.50121349518214,-1.115477916148848
PTTG1,13,3,14.61097819773665,14.79662630464621,0.9204596817641284,-0.20169064499789127
PTTG1,13,4,13.90461900098187,14.477488514502056,1.0263528354397993,-0.5581604042382821
PTTG1,13,5,13.489075139512101,13.897028104942317,1.2672465251372127,-0.3219207607501974
PTTG1,13,6,13.408001195182184,13.180818636084604,1.1503937049107866,0.19748244286089678
PTTG1,13,7,13.238459368397422,12.965317097461533,1.23166513141228,0.22176666690457675
PTTG1,13,8,13.161237685258325,13.12982178430365,1.3402487938162488,0.02344035010486454
PTTG1,13,9,12.007861786207254,11.358863025675529,1.7051399825704523,0.3806131855247317
PTTG1,13,10,10.332090060259807,10.545390027133823,2.08567788320979,-0.10226889233046613
PTTG1,13,11,8.243411836792985,8.905603576112263,1.839884862446059,-0.35990933608688874
REL,27,0,17.054585406327995,16.880387915799062,0.542643151798491,0.32101665699011767
REL,27,1,15.397975974184163,15.03239911702168,0.5768794865887564,0.6337144337099561
REL,27,2,14.817543404797185,14.466565821154706,0.6281602569709561,0.5587389201203581
REL,27,3,14.892211337040445,14.42721204111634,0.681690923832414,0.6821262828466529
REL,27,4,14.256346514090211,13.289787517483452,0.6157828499529878,1.569642604824982
REL,27,5,13.931787981445533,12.7139794210583,0.7314996318349358,1.6648108999486604
REL,27,6,13.849897263104117,12.688482491450046,0.7074113128134368,1.6417814510698487
REL,27,7,13.656381685399058,12.937901677488771,1.0291459587739937,0.6981322734495325
REL,27,8,13.569596445330388,12.541796375592487,1.088028599263889,0.9446443507397368
REL,27,9,12.783673227226481,11.722867401255384,1.203107144983495,0.8817218236914808
REL,27,10,11.606394290931677,10.735664858450102,1.3816232958398018,0.63022202586148
REL,27,11,9.705210488549334,8.40063865387017,1.541200212210017,0.8464648683174409
RFX3,19,0,17.643537138126618,17.426353962808932,0.3919665220182505,0.5540860331627345
RFX3,19,1,15.642347123309937,15.822902087625305,0.4921640605251763,-0.366859303222389
RFX3,19,2,14.764147187956105,14.917059930167948,0.6413095109899143,-0.23843828851970297
RFX3,19,3,14.639777714424815,14.671844815587765,0.6733551759392308,-0.04762286280523616
RFX3,19,4,13.730377440002302,14.11661599251108,0.781387587207115,-0.4942982955351225
RFX3,19,5,13.267262612709596,14.037403467075393,0.8724465344493864,-0.8827370205004531
RFX3,19,6,13.110181529346065,13.354035998212002,0.9211294629831667,-0.2647341971628947
RFX3,19,7,12.797003363222553,13.435365585800133,1.0388405454270466,-0.6144949052938267
RFX3,19,8,12.6106337139844,13.103708635164605,1.0056736237082369,-0.490293182157926
RFX3,19,9,11.368479777394166,11.68993606286212,1.3375471657085185,-0.24033267290254728
RFX3,19,10,9.52546890676352,10.339104425207362,1.4198485451109781,-0.5730438793950708
RFX3,19,11,7.475066088868237,8.971333921040145,1.6335260613601092,-0.9159742642404387
RUNX1,17,0,17.847345789839185,17.551665000558806,0.49915664845066493,0.5923607152146405
RUNX1,17,1,16.105776235243,15.815792120567071,0.6249907309899538,0.463981464519654
RUNX1,17,2,15.41002143648033,14.543599265129103,0.6888545135100953,1.2577723660926974
RUNX1,17,3,15.369723021952272,15.070460905654107,0.8483878247642708,0.35274211576682657
RUNX1,17,4,14.522433717063995,14.004626111454778,0.8575975010314398,0.6037886129407394
RUNX1,17,5,14.182994783284085,13.302861604484761,1.0065906086425647,0.8743705447304202
RUNX1,17,6,14.075471835514108,13.497174609585112,1.1084515801695631,0.5217162718470136
RUNX1,17,7,13.866147282157195,13.539949624749472,1.117005915328669,0.29202858546343746
RUNX1,17,8,13.75739200649177,13.040643685670213,1.1933745101488236,0.6006063601376674
RUNX1,17,9,12.767633053289853,12.17702972048086,1.470095221627941,0.40174495102091107
RUNX1,17,10,11.335621680723996,10.27454247690439,1.5214536239978729,0.6974114669571351
RUNX1,17,11,9.266346931281838,8.4232470861678,1.8275827743616029,0.4613196496167146
RUNX3,15,0,17.74760117681844,17.688351724339945,0.45452369396237274,0.13035503597618417
RUNX3,15,1,16.278905681918204,15.46369908449185,0.5238500195205287,1.5561831956644743
RUNX3,15,2,15.592535561617344,14.348319453382228,0.9196475014983515,1.352927188088867
RUNX3,15,3,15.610410912190677,14.60404628177451,0.7321633889903826,1.3745082662544685
RUNX3,15,4,15.046910663365688,13.555429367554447,1.024585434648425,1.4556924638724984
RUNX3,15,5,14.716680950543198,13.699230661560023,0.932171469607245,1.0914840478993217
RUNX3,15,6,14.674400593344544,13.323517970977099,1.1219014909196576,1.2041009244582468
RUNX3,15,7,14.595151471952633,13.472681070157488,1.0998477329565315,1.020568909823363
RUNX3,15,8,14.565758812188854,13.534938213953026,1.3439466610514343,0.7670100518939991
RUNX3,15,9,13.922234170370645,11.440762975198355,1.6307352377617024,1.5216885842108139
RUNX3,15,10,12.987865434168613,11.094632806909889,2.281755289557376,0.8297264110324387
RUNX3,15,11,10.954827080632393,9.192191100702294,1.7035264563562367,1.0346983302509403
SLA2,11,0,17.648010002284273,17.387921722672502,0.7197192983669588,0.3613746084090162
SLA2,11,1,16.046691258406383,15.686164903758245,0.707088471650885,0.509874462818485
SLA2,11,2,15.383366870485128,14.6184070384288,0.9474328843092494,0.8074026611542439
SLA2,11,3,15.388910577555516,14.952511039213775,0.9429479390622051,0.4628034277011681
SLA2,11,4,14.651117305311901,14.24639055436385,0.9618610660653476,0.4207746474276712
SLA2,11,5,14.350384657989215,13.567543313377858,1.155389385944512,0.6775562889314563
SLA2,11,6,14.27731570771626,13.457416488081071,1.4858994618845545,0.5517864705296534
SLA2,11,7,14.227693118126059,12.80061686945082,1.1985493705833563,1.1906695574673354
SLA2,11,8,14.3149350552034,13.526044109429705,1.1737537545589087,0.6721094119695966
SLA2,11,9,13.627657897622296,12.205072296295707,1.9577549190864751,0.726641311155736
SLA2,11,10,12.661777207895803,10.159878312517879,2.755185758004704,0.9080690432973892
SLA2,11,11,10.623967159361237,8.491143761787928,2.3211333711915456,0.9188715409655379
SP100,23,0,17.56694813059512,17.246395211580648,0.4113142165450077,0.7793382920412494
SP100,23,1,15.795177886517262,15.563419749745458,0.5550075118610875,0.41757657656678776
SP100,23,2,15.191379180270552,14.907512566317028,0.6111132144013575,0.46450740593393663
SP100,23,3,15.22267631743861,14.558665294777777,0.8113501244353591,0.8184025646424065
SP100,23,4,14.657276351488395,14.137570860051744,0.6932849569460003,0.7496275322718867
SP100,23,5,14.30138402628623,13.719436236738506,0.9844267683431294,0.5911539672241849
SP100,23,6,14.181818958662797,12.89495883975342,1.2563628974538072,1.0242742136984282
SP100,23,7,13.963727409782187,12.65740036628217,0.8199179036136998,1.5932412717694318
SP100,23,8,13.897565537816773,13.236538797131175,1.05817041844803,0.6246883575285496
SP100,23,9,12.90007353489852,11.762927745556313,1.2928582426698565,0.8795595308221174
SP100,23,10,11.466088291494824,10.28179864904649,1.221919114229758,0.9692046131833009
SP100,23,11,9.464567406883008,8.236628385205744,1.673345060314975,0.7338229578579135
STAT4,13,0,16.43360331178998,17.252689798953064,0.5605781779367928,-1.4611458658232654
STAT4,13,1,14.322737039127233,15.67273530039672,0.7950625293202876,-1.6979774690471496
STAT4,13,2,13.345516471773816,14.80725667807788,1.093877429067282,-1.3362925017572111
STAT4,13,3,13.186999085928827,14.93126305790733,0.8763298858612306,-1.9904193616132275
STAT4,13,4,12.32130149486628,13.750097517800109,1.0917089274304501,-1.3087701190616619
STAT4,13,5,11.801608644592477,12.929263558791195,0.9992759425549316,-1.1284719927466176
STAT4,13,6,11.490518409952987,13.60974323137982,1.021934482494616,-2.0737384418751112
STAT4,13,7,11.153919928409183,13.620355831722867,1.2200679288504475,-2.0215562141999497
STAT4,13,8,10.768212745351425,12.845146031543909,1.361858981947894,-1.5250722091811624
STAT4,13,9,9.233281049135504,11.921315614942598,1.8154617352767763,-1.4806341073320883
STAT4,13,10,7.114052039306926,10.19150072305013,2.3480482298111136,-1.3106411719621134
STAT4,13,11,5.244384802932891,9.20906856772982,1.3576740528108642,-2.9202029431059953
TBX21,22,0,17.107794717417136,17.31340702702851,0.3949819429084811,-0.5205612897068976
TBX21,22,1,15.082238839365678,15.575206491206927,0.6513079090256546,-0.756888784873994
TBX21,22,2,14.198321969123356,14.705356403336259,0.5558922316893254,-0.9121092278480913
TBX21,22,3,14.039277972606305,14.712950868304754,0.7110032384821141,-0.947496240856286
TBX21,22,4,13.172247744086588,13.856932678881648,0.8880842932086426,-0.7709684092275721
TBX21,22,5,12.747130897702153,13.989736864890357,0.740016924847567,-1.6791588482171047
TBX21,22,6,12.531907293965142,13.287658610683172,0.7652246106708703,-0.9876202440162823
TBX21,22,7,12.286717381007072,13.290271692504371,0.7783166146029409,-1.2893908374412164
TBX21,22,8,12.122583481601664,13.393670873256616,0.9334789990595851,-1.361666832285979
TBX21,22,9,10.865895563797924,12.426596272561238,1.148490504235615,-1.3589147694364678
TBX21,22,10,9.066916729950666,10.039730004035825,1.312006986076353,-0.7414695839344754
TBX21,22,11,7.080473305724315,8.545434661051832,1.5194748847870492,-0.9641234415880643
TCF4,22,0,17.063227157254236,17.481584411170022,0.3776881978194875,-1.1076789169772692
TCF4,22,1,14.978938571803052,15.597226450574704,0.5226438294872467,-1.1830004371777216
TCF4,22,2,14.149519448619323,14.740603595326835,0.6035998131142466,-0.9792649597716735
TCF4,22,3,14.02186136281996,14.84257281981275,0.6028137397538501,-1.3614677351712565
TCF4,22,4,13.131602281947428,14.0657401780506,0.7222987539850663,-1.2932846567287384
TCF4,22,5,12.689493170572392,13.418723519966392,0.9967039550736783,-0.731641873880287
TCF4,22,6,12.521700682280118,13.339347836936957,0.9360188983470916,-0.8735370152255644
TCF4,22,7,12.190426748907763,12.926568505667635,0.9821612319526405,-0.7495121297919128
TCF4,22,8,12.026416994118891,13.195182400444931,1.070209425462427,-1.0920903689677635
TCF4,22,9,10.762761947578968,12.205462337747464,1.1961397980176138,-1.2061302471161923
TCF4,22,10,9.013965056786,10.758702771857758,1.8207022636566228,-0.9582773361129888
TCF4,22,11,7.0728661759203675,8.961727544948536,1.3943295799538522,-1.354673526391575
TLX1,16,0,17.516982661863313,17.435410555782255,0.5536345499438357,0.14733926213480236
TLX1,16,1,15.529842717091952,15.474684688014941,0.7750319476318841,0.07116871665167775
TLX1,16,2,14.728941637809411,14.547407081571047,0.797670507691462,0.22758088018540876
TLX1,16,3,14.614894978060711,14.518859669127881,0.5917727018583843,0.16228411454472946
TLX1,16,4,13.629471539236052,14.011180922076136,0.9600501749974415,-0.39759316000447703
TLX1,16,5,13.18283066264358,13.744032479277115,1.1705815587516486,-0.4794213717427951
TLX1,16,6,12.898395903414897,13.59187451361424,1.0507916641116668,-0.6599582332865243
TLX1,16,7,12.472577737016513,13.685004917192995,1.1880122667310467,-1.02055106174334
TLX1,16,8,12.150668304469582,12.970858517613769,1.4003217454951824,-0.585715544147428
TLX1,16,9,10.936950398967815,11.603974568320943,1.8064131683474491,-0.3692533806999085
TLX1,16,10,9.274399206438044,10.784257674443625,1.565641589865919,-0.9643704394278924
TLX1,16,11,7.37268366034564,8.582103596951086,2.1788950868202233,-0.5550611151133562
TNFAIP3,14,0,17.187751850800723,17.456977610594514,0.5649722896308448,-0.47652914087114656
TNFAIP3,14,1,15.18518144461227,15.449857913387737,0.8373304894760648,-0.31609558245165503
TNFAIP3,14,2,14.353225240171746,14.485860560092053,0.9081733636694302,-0.14604625639360427
TNFAIP3,14,3,14.175727992556139,14.89152688080333,1.0507350445113017,-0.6812363325904961
TNFAIP3,14,4,13.362032868197725,13.990504467771014,1.0879011531710674,-0.577691822222442
TNFAIP3,14,5,12.92091351583295,13.629973973890865,1.1195768581797754,-0.6333289696704836
TNFAIP3,14,6,12.696998976271521,13.07726200663644,1.0527652579886488,-0.36120400771148825
TNFAIP3,14,7,12.485203342170937,13.198256084733519,1.6461056606561462,-0.4331755607221197
TNFAIP3,14,8,12.286634050178899,12.760085782814814,1.5481334329834058,-0.3058210116446663
TNFAIP3,14,9,11.097803830940798,11.976807128829993,2.1673594252749284,-0.4055641568438488
TNFAIP3,14,10,9.468915447664667,11.045695896685807,1.6045070167893245,-0.9827195721314659
TNFAIP3,14,11,7.531677686826597,9.239660921321068,1.9287066105676098,-0.8855588637153162
TRERF1,23,0,17.293798786575646,17.389889874129885,0.40404219830040666,-0.23782438556775415
TRERF1,23,1,15.394880205421314,15.393654757918094,0.6854291855432436,0.001787854280305889
TRERF1,23,2,14.626080216963215,14.750325103396449,0.5796343943745539,-0.21435043820561778
TRERF1,23,3,14.522584806227314,14.755089541255668,0.5954119502496951,-0.3904939007872599
TRERF1,23,4,13.712995721297125,13.913328205934894,0.9649883171904282,-0.20760094300523677
TRERF1,23,5,13.238784739113013,13.447229725812502,0.8119576394645094,-0.25671904120140926
TRERF1,23,6,12.99102484374521,13.07486232283697,0.799861196053206,-0.10481503479033917
TRERF1,23,7,12.646904935386631,13.084171147261623,0.9063026032525239,-0.48247264247695826
TRERF1,23,8,12.352060316937036,13.108980215960695,1.1460623544492907,-0.660452632516122
TRERF1,23,9,11.306930350324912,11.996312331037691,1.2624720905793483,-0.5460572046360425
TRERF1,23,10,9.767537344220653,9.860847539625134,1.367608429527905,-0.06822873666893912
TRERF1,23,11,7.843903769881909,8.320389701784112,1.7787062260534892,-0.2678834339942733
TSC22D3,12,0,17.425070255715124,17.378649624662863,0.4992436254830433,0.09298192041480005
TSC22D3,12,1,15.74099981769018,15.280791121035822,0.9066322547428216,0.5076023870173284
TSC22D3,12,2,15.13420300519508,14.903690025669466,0.6733185499305117,0.34235352575597855
TSC22D3,12,3,15.172444345619487,14.548465031972464,1.1454178069030745,0.5447613175615879
TSC22D3,12,4,14.541336164492654,13.529464359855425,1.1311102985854575,0.8945827881707508
TSC22D3,12,5,14.18928738448913,14.080901154209888,1.261656308676797,0.08590788912466645
TSC22D3,12,6,14.135807015558871,12.811508196018362,1.1805480932474222,1.121766090780479
TSC22D3,12,7,14.000618737794056,13.168872454422251,1.3429838345232248,0.6193270998433759
TSC22D3,12,8,13.821906360599227,12.840015508077517,1.4147624044784175,0.6940323332126607
TSC22D3,12,9,13.16532080455982,12.310986275334214,1.7750636012815237,0.481297982004031
TSC22D3,12,10,12.160921132135783,10.23902098097771,2.6844923935978504,0.7159268380650079
TSC22D3,12,11,10.188714007810322,8.655545571578916,1.9577224114099692,0.7831388287204644
ZEB1,22,0,17.74223254482728,17.445382535448612,0.41905189625425304,0.7083848373724109
ZEB1,22,1,15.8083361588896,15.463555994667953,0.5974536865300785,0.5770826626312735
ZEB1,22,2,14.940347798518063,14.485155955187784,0.7038786412064302,0.6466908024799448
ZEB1,22,3,14.77058338742388,14.854250064298844,0.7151662927328907,-0.11698912228545562
ZEB1,22,4,13.970957291405387,13.88741103614262,0.8362870778478073,0.09990140643781627
ZEB1,22,5,13.515471031509808,13.39301623183177,0.9844933308445906,0.12438357461800736
ZEB1,22,6,13.390337993160408,13.498518567176214,0.8401215879014703,-0.12876775882646863
ZEB1,22,7,13.121125447751908,12.90924510048705,1.2468845993067061,0.16992779234154268
ZEB1,22,8,13.03212943934933,13.108527615381686,1.1517166854228178,-0.0663341748880791
ZEB1,22,9,11.973149716090122,11.279160691308826,0.9479725384878986,0.7320771400068933
ZEB1,22,10,10.45478422328175,10.05765616555526,1.647832074167391,0.24100032033127505
ZEB1,22,11,8.398873947766424,8.607994312815382,1.5617507238050297,-0.1339012442007777
ZEB2,12,0,17.431703742203453,17.38049132098533,0.5372024623681385,0.09533169485554144
ZEB2,12,1,15.5138835283288,15.4467098953962,0.6800240375094194,0.09878126246628258
ZEB2,12,2,14.881813372367672,14.73539531500162,0.933923768467229,0.15677731128564784
ZEB2,12,3,14.761459170966747,14.608162264674359,1.0937585117206319,0.1401560807524422
ZEB2,12,4,13.792563899904302,14.56451500285294,0.8213563285176665,-0.9398492178684587
ZEB2,12,5,13.313290278073422,13.763651967171587,1.1986691195071701,-0.37571810416149654
ZEB2,12,6,13.221716540492292,13.353267322015995,1.296206290302538,-0.10148907817211647
ZEB2,12,7,13.040108671476295,13.298270747337252,1.541759000934686,-0.16744645285316787
ZEB2,12,8,12.949852251069796,13.302992628266665,1.4470388394706775,-0.24404346833292104
ZEB2,12,9,11.912329312793625,12.077415521294595,1.680641465211487,-0.09822809440215491
ZEB2,12,10,10.39793125368288,9.515751666294157,1.4795844968287553,0.5962346789112277
ZEB2,12,11,8.336585422045824,8.553347241894771,2.3358742887751007,-0.09279686877439566
ZFP36,16,0,17.61431787418926,17.317689856425947,0.47262284713290204,0.6276209869302031
ZFP36,16,1,16.230068922230814,15.414031443193768,0.5623403481022187,1.45114516820819
ZFP36,16,2,15.70209778476343,14.743009455048213,0.667257374652043,1.4373589054978304
ZFP36,16,3,15.731603628400821,14.561452912286487,0.9020146032790473,1.2972636051129827
ZFP36,16,4,15.221392999848039,13.767246312131164,0.8657757156898305,1.6795882136267175
ZFP36,16,5,14.917354893513254,13.467339760790244,1.0833380877419228,1.3384696330075294
ZFP36,16,6,14.934570966545136,13.166843126073882,1.2545848559091903,1.4090141708192325
ZFP36,16,7,14.857883083997326,13.418025080485155,1.103874217341264,1.3043678173588844
ZFP36,16,8,14.89902698439928,13.088070429066397,1.3082038186397673,1.3843076510935912
ZFP36,16,9,14.449895421200033,12.1063466812912,1.7199779089869884,1.3625458371666574
ZFP36,16,10,13.768626537277063,10.245774337316785,2.026818020830063,1.738119635682699
ZFP36,16,11,11.82500144627945,8.35125828795076,1.7379110426457531,1.9988037782649382
